0 verbose cli C:\Program Files\node.exe C:\Program Files\node_modules\npm\bin\npm-cli.js
1 info using npm@11.19.0
2 info using node@v24.20.0
3 silly config load:file:C:\Program Files\node_modules\npm\npmrc
4 silly config load:file:D:\web2\Learn agudar\learn Agudar\BTVN-main\.npmrc
5 silly config load:file:C:\Users\ASUS\.npmrc
6 silly config load:file:C:\Users\ASUS\AppData\Roaming\npm\etc\npmrc
7 verbose title npm ci
8 verbose argv "ci" "--cache" "D:\\web2\\Learn agudar\\.npm-cache" "--no-audit" "--no-fund"
9 verbose logfile logs-max:10 dir:D:\web2\Learn agudar\.npm-cache\_logs\2026-09-24T12_10_57_735Z-
10 verbose logfile D:\web2\Learn agudar\.npm-cache\_logs\2026-09-24T12_10_57_735Z-debug-0.log
11 silly logfile done cleaning log files
12 http fetch GET https://registry.npmjs.org/npm attempt 1 failed with ECONNREFUSED
13 silly packumentCache heap:4496293888 maxSize:1124073472 maxEntrySize:562036736
14 silly packumentCache heap:4496293888 maxSize:1124073472 maxEntrySize:562036736
15 silly idealTree buildDeps
16 silly reify moves {}
17 http cache zod-to-json-schema@https://registry.npmjs.org/zod-to-json-schema/-/zod-to-json-schema-3.25.2.tgz 2ms (cache hit)
18 http cache yargs-parser@https://registry.npmjs.org/yargs-parser/-/yargs-parser-22.0.0.tgz 0ms (cache hit)
19 http cache zod@https://registry.npmjs.org/zod/-/zod-4.4.3.tgz 0ms (cache hit)
20 http cache yoctocolors@https://registry.npmjs.org/yoctocolors/-/yoctocolors-2.2.0.tgz 0ms (cache hit)
21 http cache wrappy@https://registry.npmjs.org/wrappy/-/wrappy-1.0.2.tgz 0ms (cache hit)
22 http cache y18n@https://registry.npmjs.org/y18n/-/y18n-5.0.8.tgz 0ms (cache hit)
23 http cache yargs@https://registry.npmjs.org/yargs/-/yargs-18.1.0.tgz 0ms (cache hit)
24 http cache xml-name-validator@https://registry.npmjs.org/xml-name-validator/-/xml-name-validator-5.0.0.tgz 0ms (cache hit)
25 http cache xmlchars@https://registry.npmjs.org/xmlchars/-/xmlchars-2.2.0.tgz 0ms (cache hit)
26 http cache wrap-ansi@https://registry.npmjs.org/wrap-ansi/-/wrap-ansi-10.0.1.tgz 0ms (cache hit)
27 http cache which@https://registry.npmjs.org/which/-/which-2.0.2.tgz 0ms (cache hit)
28 http cache why-is-node-running@https://registry.npmjs.org/why-is-node-running/-/why-is-node-running-2.3.0.tgz 0ms (cache hit)
29 http cache whatwg-url@https://registry.npmjs.org/whatwg-url/-/whatwg-url-16.0.1.tgz 0ms (cache hit)
30 http cache whatwg-mimetype@https://registry.npmjs.org/whatwg-mimetype/-/whatwg-mimetype-5.0.0.tgz 0ms (cache hit)
31 http cache webidl-conversions@https://registry.npmjs.org/webidl-conversions/-/webidl-conversions-8.0.1.tgz 1ms (cache hit)
32 http cache weak-lru-cache@https://registry.npmjs.org/weak-lru-cache/-/weak-lru-cache-1.2.2.tgz 0ms (cache hit)
33 http cache watchpack@https://registry.npmjs.org/watchpack/-/watchpack-2.5.2.tgz 0ms (cache hit)
34 http cache w3c-xmlserializer@https://registry.npmjs.org/w3c-xmlserializer/-/w3c-xmlserializer-5.0.0.tgz 0ms (cache hit)
35 http cache vitest@https://registry.npmjs.org/vitest/-/vitest-4.1.11.tgz 0ms (cache hit)
36 http cache vite@https://registry.npmjs.org/vite/-/vite-8.1.5.tgz 0ms (cache hit)
37 http cache vary@https://registry.npmjs.org/vary/-/vary-1.1.2.tgz 0ms (cache hit)
38 http cache update-browserslist-db@https://registry.npmjs.org/update-browserslist-db/-/update-browserslist-db-1.3.2.tgz 0ms (cache hit)
39 http cache unpipe@https://registry.npmjs.org/unpipe/-/unpipe-1.0.0.tgz 0ms (cache hit)
40 http cache undici@https://registry.npmjs.org/undici/-/undici-7.29.0.tgz 0ms (cache hit)
41 http cache validate-npm-package-name@https://registry.npmjs.org/validate-npm-package-name/-/validate-npm-package-name-8.0.0.tgz 0ms (cache hit)
42 http cache type-is@https://registry.npmjs.org/type-is/-/type-is-2.1.0.tgz 0ms (cache hit)
43 http cache tr46@https://registry.npmjs.org/tr46/-/tr46-6.0.0.tgz 0ms (cache hit)
44 http cache tslib@https://registry.npmjs.org/tslib/-/tslib-2.8.1.tgz 0ms (cache hit)
45 http cache tough-cookie@https://registry.npmjs.org/tough-cookie/-/tough-cookie-6.0.2.tgz 0ms (cache hit)
46 http cache toidentifier@https://registry.npmjs.org/toidentifier/-/toidentifier-1.0.1.tgz 0ms (cache hit)
47 http cache typescript@https://registry.npmjs.org/typescript/-/typescript-6.0.3.tgz 0ms (cache hit)
48 http cache tldts-core@https://registry.npmjs.org/tldts-core/-/tldts-core-7.4.11.tgz 0ms (cache hit)
49 http cache tinyglobby@https://registry.npmjs.org/tinyglobby/-/tinyglobby-0.2.17.tgz 0ms (cache hit)
50 http cache tinyrainbow@https://registry.npmjs.org/tinyrainbow/-/tinyrainbow-3.1.1.tgz 0ms (cache hit)
51 http cache tldts@https://registry.npmjs.org/tldts/-/tldts-7.4.11.tgz 0ms (cache hit)
52 http cache string-width@https://registry.npmjs.org/string-width/-/string-width-8.2.2.tgz 0ms (cache hit)
53 http cache strip-ansi@https://registry.npmjs.org/strip-ansi/-/strip-ansi-7.2.0.tgz 0ms (cache hit)
54 http cache tinyexec@https://registry.npmjs.org/tinyexec/-/tinyexec-1.3.1.tgz 0ms (cache hit)
55 http cache tinybench@https://registry.npmjs.org/tinybench/-/tinybench-2.9.0.tgz 0ms (cache hit)
56 http cache std-env@https://registry.npmjs.org/std-env/-/std-env-4.2.0.tgz 0ms (cache hit)
57 http cache statuses@https://registry.npmjs.org/statuses/-/statuses-2.0.2.tgz 0ms (cache hit)
58 http cache stackback@https://registry.npmjs.org/stackback/-/stackback-0.0.2.tgz 0ms (cache hit)
59 http cache source-map-js@https://registry.npmjs.org/source-map-js/-/source-map-js-1.2.1.tgz 0ms (cache hit)
60 http cache symbol-tree@https://registry.npmjs.org/symbol-tree/-/symbol-tree-3.2.4.tgz 0ms (cache hit)
61 http cache source-map-support@https://registry.npmjs.org/source-map-support/-/source-map-support-0.5.21.tgz 0ms (cache hit)
62 http cache slice-ansi@https://registry.npmjs.org/slice-ansi/-/slice-ansi-9.0.0.tgz 0ms (cache hit)
63 http cache side-channel-map@https://registry.npmjs.org/side-channel-map/-/side-channel-map-1.0.1.tgz 0ms (cache hit)
64 http cache side-channel-weakmap@https://registry.npmjs.org/side-channel-weakmap/-/side-channel-weakmap-1.0.2.tgz 0ms (cache hit)
65 http cache signal-exit@https://registry.npmjs.org/signal-exit/-/signal-exit-4.1.0.tgz 0ms (cache hit)
66 http cache source-map@https://registry.npmjs.org/source-map/-/source-map-0.7.6.tgz 0ms (cache hit)
67 http cache stdin-discarder@https://registry.npmjs.org/stdin-discarder/-/stdin-discarder-0.3.2.tgz 0ms (cache hit)
68 http cache siginfo@https://registry.npmjs.org/siginfo/-/siginfo-2.0.0.tgz 0ms (cache hit)
69 http cache side-channel-list@https://registry.npmjs.org/side-channel-list/-/side-channel-list-1.0.1.tgz 0ms (cache hit)
70 http cache side-channel@https://registry.npmjs.org/side-channel/-/side-channel-1.1.1.tgz 0ms (cache hit)
71 http cache shebang-command@https://registry.npmjs.org/shebang-command/-/shebang-command-2.0.0.tgz 0ms (cache hit)
72 http cache setprototypeof@https://registry.npmjs.org/setprototypeof/-/setprototypeof-1.2.0.tgz 0ms (cache hit)
73 http cache serve-static@https://registry.npmjs.org/serve-static/-/serve-static-2.2.1.tgz 0ms (cache hit)
74 http cache send@https://registry.npmjs.org/send/-/send-1.2.1.tgz 0ms (cache hit)
75 http cache semver@https://registry.npmjs.org/semver/-/semver-7.8.5.tgz 0ms (cache hit)
76 http cache sass@https://registry.npmjs.org/sass/-/sass-1.101.0.tgz 0ms (cache hit)
77 http cache saxes@https://registry.npmjs.org/saxes/-/saxes-6.0.0.tgz 0ms (cache hit)
78 http cache rxjs@https://registry.npmjs.org/rxjs/-/rxjs-7.8.2.tgz 0ms (cache hit)
79 http cache router@https://registry.npmjs.org/router/-/router-2.2.0.tgz 0ms (cache hit)
80 http cache rolldown@https://registry.npmjs.org/rolldown/-/rolldown-1.2.0.tgz 0ms (cache hit)
81 http cache shebang-regex@https://registry.npmjs.org/shebang-regex/-/shebang-regex-3.0.0.tgz 0ms (cache hit)
82 http cache safer-buffer@https://registry.npmjs.org/safer-buffer/-/safer-buffer-2.1.2.tgz 0ms (cache hit)
83 http cache restore-cursor@https://registry.npmjs.org/restore-cursor/-/restore-cursor-5.1.0.tgz 0ms (cache hit)
84 http cache readdirp@https://registry.npmjs.org/readdirp/-/readdirp-5.1.1.tgz 0ms (cache hit)
85 http cache raw-body@https://registry.npmjs.org/raw-body/-/raw-body-3.0.2.tgz 0ms (cache hit)
86 http cache require-from-string@https://registry.npmjs.org/require-from-string/-/require-from-string-2.0.2.tgz 0ms (cache hit)
87 http cache range-parser@https://registry.npmjs.org/range-parser/-/range-parser-1.3.0.tgz 0ms (cache hit)
88 http cache qs@https://registry.npmjs.org/qs/-/qs-6.16.0.tgz 0ms (cache hit)
89 http cache punycode@https://registry.npmjs.org/punycode/-/punycode-2.3.1.tgz 0ms (cache hit)
90 http cache reflect-metadata@https://registry.npmjs.org/reflect-metadata/-/reflect-metadata-0.2.2.tgz 0ms (cache hit)
91 http cache proxy-addr@https://registry.npmjs.org/proxy-addr/-/proxy-addr-2.0.7.tgz 0ms (cache hit)
92 http cache prettier@https://registry.npmjs.org/prettier/-/prettier-3.9.6.tgz 0ms (cache hit)
93 http cache proxy-agent-negotiate@https://registry.npmjs.org/proxy-agent-negotiate/-/proxy-agent-negotiate-1.1.0.tgz 0ms (cache hit)
94 http cache postcss@https://registry.npmjs.org/postcss/-/postcss-8.5.28.tgz 0ms (cache hit)
95 http cache postcss-safe-parser@https://registry.npmjs.org/postcss-safe-parser/-/postcss-safe-parser-7.0.1.tgz 0ms (cache hit)
96 http cache postcss-media-query-parser@https://registry.npmjs.org/postcss-media-query-parser/-/postcss-media-query-parser-0.2.3.tgz 0ms (cache hit)
97 http cache pkce-challenge@https://registry.npmjs.org/pkce-challenge/-/pkce-challenge-5.0.1.tgz 0ms (cache hit)
98 http cache picocolors@https://registry.npmjs.org/picocolors/-/picocolors-1.1.1.tgz 1ms (cache hit)
99 http cache proc-log@https://registry.npmjs.org/proc-log/-/proc-log-7.0.0.tgz 0ms (cache hit)
100 http cache picomatch@https://registry.npmjs.org/picomatch/-/picomatch-4.0.5.tgz 0ms (cache hit)
101 http cache piscina@https://registry.npmjs.org/piscina/-/piscina-5.2.0.tgz 0ms (cache hit)
102 http cache parse5-sax-parser@https://registry.npmjs.org/parse5-sax-parser/-/parse5-sax-parser-8.0.0.tgz 0ms (cache hit)
103 http cache path-key@https://registry.npmjs.org/path-key/-/path-key-3.1.1.tgz 0ms (cache hit)
104 http cache pathe@https://registry.npmjs.org/pathe/-/pathe-2.0.3.tgz 0ms (cache hit)
105 http cache parseurl@https://registry.npmjs.org/parseurl/-/parseurl-1.3.3.tgz 0ms (cache hit)
106 http cache path-to-regexp@https://registry.npmjs.org/path-to-regexp/-/path-to-regexp-8.4.2.tgz 0ms (cache hit)
107 http cache parse5@https://registry.npmjs.org/parse5/-/parse5-8.0.1.tgz 0ms (cache hit)
108 http cache oxc-parser@https://registry.npmjs.org/oxc-parser/-/oxc-parser-0.142.0.tgz 0ms (cache hit)
109 http cache ordered-binary@https://registry.npmjs.org/ordered-binary/-/ordered-binary-1.6.1.tgz 0ms (cache hit)
110 http cache on-finished@https://registry.npmjs.org/on-finished/-/on-finished-2.4.1.tgz 0ms (cache hit)
111 http cache ora@https://registry.npmjs.org/ora/-/ora-9.4.1.tgz 0ms (cache hit)
112 http cache once@https://registry.npmjs.org/once/-/once-1.4.0.tgz 0ms (cache hit)
113 http cache parse5-html-rewriting-stream@https://registry.npmjs.org/parse5-html-rewriting-stream/-/parse5-html-rewriting-stream-8.0.1.tgz 0ms (cache hit)
114 http cache onetime@https://registry.npmjs.org/onetime/-/onetime-7.0.0.tgz 0ms (cache hit)
115 http cache object-inspect@https://registry.npmjs.org/object-inspect/-/object-inspect-1.13.4.tgz 0ms (cache hit)
116 http cache obug@https://registry.npmjs.org/obug/-/obug-2.1.4.tgz 0ms (cache hit)
117 http cache nth-check@https://registry.npmjs.org/nth-check/-/nth-check-2.1.1.tgz 0ms (cache hit)
118 http cache node-releases@https://registry.npmjs.org/node-releases/-/node-releases-2.0.54.tgz 0ms (cache hit)
119 http cache object-assign@https://registry.npmjs.org/object-assign/-/object-assign-4.1.1.tgz 0ms (cache hit)
120 http cache node-gyp-build-optional-packages@https://registry.npmjs.org/node-gyp-build-optional-packages/-/node-gyp-build-optional-packages-5.2.2.tgz 0ms (cache hit)
121 http cache node-addon-api@https://registry.npmjs.org/node-addon-api/-/node-addon-api-6.1.0.tgz 0ms (cache hit)
122 http cache negotiator@https://registry.npmjs.org/negotiator/-/negotiator-1.1.0.tgz 0ms (cache hit)
123 http cache msgpackr@https://registry.npmjs.org/msgpackr/-/msgpackr-1.12.1.tgz 0ms (cache hit)
124 http cache npm-package-arg@https://registry.npmjs.org/npm-package-arg/-/npm-package-arg-14.0.0.tgz 0ms (cache hit)
125 http cache nanoid@https://registry.npmjs.org/nanoid/-/nanoid-3.3.18.tgz 0ms (cache hit)
126 http cache mute-stream@https://registry.npmjs.org/mute-stream/-/mute-stream-3.0.0.tgz 0ms (cache hit)
127 http cache ms@https://registry.npmjs.org/ms/-/ms-2.1.3.tgz 0ms (cache hit)
128 http cache mrmime@https://registry.npmjs.org/mrmime/-/mrmime-2.0.1.tgz 0ms (cache hit)
129 http cache msgpackr-extract@https://registry.npmjs.org/msgpackr-extract/-/msgpackr-extract-3.0.4.tgz 0ms (cache hit)
130 http cache mimic-function@https://registry.npmjs.org/mimic-function/-/mimic-function-5.0.1.tgz 0ms (cache hit)
131 http cache mime-db@https://registry.npmjs.org/mime-db/-/mime-db-1.54.0.tgz 0ms (cache hit)
132 http cache mime-types@https://registry.npmjs.org/mime-types/-/mime-types-3.0.2.tgz 0ms (cache hit)
133 http cache mdn-data@https://registry.npmjs.org/mdn-data/-/mdn-data-2.27.1.tgz 0ms (cache hit)
134 http cache merge-descriptors@https://registry.npmjs.org/merge-descriptors/-/merge-descriptors-2.0.0.tgz 0ms (cache hit)
135 http cache lru-cache@https://registry.npmjs.org/lru-cache/-/lru-cache-11.5.2.tgz 0ms (cache hit)
136 http cache magic-string@https://registry.npmjs.org/magic-string/-/magic-string-1.0.0.tgz 0ms (cache hit)
137 http cache media-typer@https://registry.npmjs.org/media-typer/-/media-typer-1.1.1.tgz 0ms (cache hit)
138 http cache lmdb@https://registry.npmjs.org/lmdb/-/lmdb-3.5.6.tgz 0ms (cache hit)
139 http cache math-intrinsics@https://registry.npmjs.org/math-intrinsics/-/math-intrinsics-1.1.0.tgz 0ms (cache hit)
140 http cache listr2@https://registry.npmjs.org/listr2/-/listr2-11.0.0.tgz 0ms (cache hit)
141 http cache lightningcss-win32-x64-msvc@https://registry.npmjs.org/lightningcss-win32-x64-msvc/-/lightningcss-win32-x64-msvc-1.33.0.tgz 0ms (cache hit)
142 http cache log-symbols@https://registry.npmjs.org/log-symbols/-/log-symbols-7.0.1.tgz 0ms (cache hit)
143 http cache log-update@https://registry.npmjs.org/log-update/-/log-update-8.0.0.tgz 0ms (cache hit)
144 http cache lightningcss@https://registry.npmjs.org/lightningcss/-/lightningcss-1.33.0.tgz 0ms (cache hit)
145 http cache jsonc-parser@https://registry.npmjs.org/jsonc-parser/-/jsonc-parser-3.3.1.tgz 0ms (cache hit)
146 http cache json-schema-typed@https://registry.npmjs.org/json-schema-typed/-/json-schema-typed-8.0.2.tgz 0ms (cache hit)
147 http cache jsesc@https://registry.npmjs.org/jsesc/-/jsesc-3.1.0.tgz 0ms (cache hit)
148 http cache json-schema-traverse@https://registry.npmjs.org/json-schema-traverse/-/json-schema-traverse-1.0.0.tgz 0ms (cache hit)
149 http cache json5@https://registry.npmjs.org/json5/-/json5-2.2.3.tgz 0ms (cache hit)
150 http cache js-tokens@https://registry.npmjs.org/js-tokens/-/js-tokens-10.0.0.tgz 0ms (cache hit)
151 http cache jsdom@https://registry.npmjs.org/jsdom/-/jsdom-28.1.0.tgz 0ms (cache hit)
152 http cache isexe@https://registry.npmjs.org/isexe/-/isexe-2.0.0.tgz 0ms (cache hit)
153 http cache jose@https://registry.npmjs.org/jose/-/jose-6.2.10.tgz 0ms (cache hit)
154 http cache is-potential-custom-element-name@https://registry.npmjs.org/is-potential-custom-element-name/-/is-potential-custom-element-name-1.0.1.tgz 0ms (cache hit)
155 http cache is-promise@https://registry.npmjs.org/is-promise/-/is-promise-4.0.0.tgz 0ms (cache hit)
156 http cache is-extglob@https://registry.npmjs.org/is-extglob/-/is-extglob-2.1.1.tgz 0ms (cache hit)
157 http cache is-unicode-supported@https://registry.npmjs.org/is-unicode-supported/-/is-unicode-supported-2.1.0.tgz 0ms (cache hit)
158 http cache is-fullwidth-code-point@https://registry.npmjs.org/is-fullwidth-code-point/-/is-fullwidth-code-point-5.1.0.tgz 0ms (cache hit)
159 http cache is-glob@https://registry.npmjs.org/is-glob/-/is-glob-4.0.3.tgz 0ms (cache hit)
160 http cache ipaddr.js@https://registry.npmjs.org/ipaddr.js/-/ipaddr.js-1.9.1.tgz 0ms (cache hit)
161 http cache is-interactive@https://registry.npmjs.org/is-interactive/-/is-interactive-2.0.0.tgz 0ms (cache hit)
162 http cache ip-address@https://registry.npmjs.org/ip-address/-/ip-address-10.7.0.tgz 0ms (cache hit)
163 http cache import-meta-resolve@https://registry.npmjs.org/import-meta-resolve/-/import-meta-resolve-4.2.0.tgz 0ms (cache hit)
164 http cache inherits@https://registry.npmjs.org/inherits/-/inherits-2.0.4.tgz 0ms (cache hit)
165 http cache iconv-lite@https://registry.npmjs.org/iconv-lite/-/iconv-lite-0.7.3.tgz 0ms (cache hit)
166 http cache https-proxy-agent@https://registry.npmjs.org/https-proxy-agent/-/https-proxy-agent-9.1.0.tgz 0ms (cache hit)
167 http cache immutable@https://registry.npmjs.org/immutable/-/immutable-5.1.9.tgz 0ms (cache hit)
168 http cache http-proxy-agent@https://registry.npmjs.org/http-proxy-agent/-/http-proxy-agent-7.0.2.tgz 0ms (cache hit)
169 http cache http-errors@https://registry.npmjs.org/http-errors/-/http-errors-2.0.1.tgz 0ms (cache hit)
170 http cache html-encoding-sniffer@https://registry.npmjs.org/html-encoding-sniffer/-/html-encoding-sniffer-6.0.0.tgz 0ms (cache hit)
171 http cache hono@https://registry.npmjs.org/hono/-/hono-4.13.5.tgz 0ms (cache hit)
172 http cache hasown@https://registry.npmjs.org/hasown/-/hasown-2.0.4.tgz 0ms (cache hit)
173 http cache htmlparser2@https://registry.npmjs.org/htmlparser2/-/htmlparser2-10.1.0.tgz 0ms (cache hit)
174 http cache has-symbols@https://registry.npmjs.org/has-symbols/-/has-symbols-1.1.0.tgz 0ms (cache hit)
175 http cache graceful-fs@https://registry.npmjs.org/graceful-fs/-/graceful-fs-4.2.11.tgz 0ms (cache hit)
176 http cache hosted-git-info@https://registry.npmjs.org/hosted-git-info/-/hosted-git-info-10.1.1.tgz 0ms (cache hit)
177 http cache gopd@https://registry.npmjs.org/gopd/-/gopd-1.2.0.tgz 0ms (cache hit)
178 http cache get-proto@https://registry.npmjs.org/get-proto/-/get-proto-1.0.1.tgz 0ms (cache hit)
179 http cache get-intrinsic@https://registry.npmjs.org/get-intrinsic/-/get-intrinsic-1.3.0.tgz 1ms (cache hit)
180 http cache get-east-asian-width@https://registry.npmjs.org/get-east-asian-width/-/get-east-asian-width-1.6.0.tgz 0ms (cache hit)
181 http cache gensync@https://registry.npmjs.org/gensync/-/gensync-1.0.0-beta.2.tgz 0ms (cache hit)
182 http cache function-bind@https://registry.npmjs.org/function-bind/-/function-bind-1.1.2.tgz 0ms (cache hit)
183 http cache forwarded@https://registry.npmjs.org/forwarded/-/forwarded-0.2.0.tgz 0ms (cache hit)
184 http cache finalhandler@https://registry.npmjs.org/finalhandler/-/finalhandler-2.1.1.tgz 0ms (cache hit)
185 http cache fresh@https://registry.npmjs.org/fresh/-/fresh-2.0.0.tgz 0ms (cache hit)
186 http cache fdir@https://registry.npmjs.org/fdir/-/fdir-6.5.0.tgz 0ms (cache hit)
187 http cache fast-uri@https://registry.npmjs.org/fast-uri/-/fast-uri-3.1.7.tgz 0ms (cache hit)
188 http cache fast-string-width@https://registry.npmjs.org/fast-string-width/-/fast-string-width-3.0.2.tgz 0ms (cache hit)
189 http cache fast-wrap-ansi@https://registry.npmjs.org/fast-wrap-ansi/-/fast-wrap-ansi-0.2.2.tgz 0ms (cache hit)
190 http cache fast-deep-equal@https://registry.npmjs.org/fast-deep-equal/-/fast-deep-equal-3.1.3.tgz 0ms (cache hit)
191 http cache fast-string-truncated-width@https://registry.npmjs.org/fast-string-truncated-width/-/fast-string-truncated-width-3.0.3.tgz 0ms (cache hit)
192 http cache get-caller-file@https://registry.npmjs.org/get-caller-file/-/get-caller-file-2.0.5.tgz 0ms (cache hit)
193 http cache express-rate-limit@https://registry.npmjs.org/express-rate-limit/-/express-rate-limit-8.7.0.tgz 0ms (cache hit)
194 http cache expect-type@https://registry.npmjs.org/expect-type/-/expect-type-1.4.0.tgz 0ms (cache hit)
195 http cache express@https://registry.npmjs.org/express/-/express-5.2.1.tgz 0ms (cache hit)
196 http cache eventsource@https://registry.npmjs.org/eventsource/-/eventsource-3.0.7.tgz 0ms (cache hit)
197 http cache etag@https://registry.npmjs.org/etag/-/etag-1.8.1.tgz 0ms (cache hit)
198 http cache estree-walker@https://registry.npmjs.org/estree-walker/-/estree-walker-3.0.3.tgz 0ms (cache hit)
199 http cache escape-html@https://registry.npmjs.org/escape-html/-/escape-html-1.0.3.tgz 0ms (cache hit)
200 http cache escalade@https://registry.npmjs.org/escalade/-/escalade-3.2.0.tgz 0ms (cache hit)
201 http cache esbuild@https://registry.npmjs.org/esbuild/-/esbuild-0.28.2.tgz 0ms (cache hit)
202 http cache es-errors@https://registry.npmjs.org/es-errors/-/es-errors-1.3.0.tgz 0ms (cache hit)
203 http cache es-object-atoms@https://registry.npmjs.org/es-object-atoms/-/es-object-atoms-1.1.2.tgz 0ms (cache hit)
204 http cache es-module-lexer@https://registry.npmjs.org/es-module-lexer/-/es-module-lexer-2.3.2.tgz 0ms (cache hit)
205 http cache es-define-property@https://registry.npmjs.org/es-define-property/-/es-define-property-1.0.1.tgz 0ms (cache hit)
206 http cache environment@https://registry.npmjs.org/environment/-/environment-1.1.0.tgz 0ms (cache hit)
207 http cache encodeurl@https://registry.npmjs.org/encodeurl/-/encodeurl-2.0.0.tgz 0ms (cache hit)
208 http cache entities@https://registry.npmjs.org/entities/-/entities-4.5.0.tgz 0ms (cache hit)
209 http cache eventsource-parser@https://registry.npmjs.org/eventsource-parser/-/eventsource-parser-3.1.1.tgz 0ms (cache hit)
210 http cache empathic@https://registry.npmjs.org/empathic/-/empathic-2.0.1.tgz 0ms (cache hit)
211 http cache emoji-regex@https://registry.npmjs.org/emoji-regex/-/emoji-regex-10.6.0.tgz 0ms (cache hit)
212 http cache domhandler@https://registry.npmjs.org/domhandler/-/domhandler-5.0.3.tgz 0ms (cache hit)
213 http cache dunder-proto@https://registry.npmjs.org/dunder-proto/-/dunder-proto-1.0.1.tgz 0ms (cache hit)
214 http cache domelementtype@https://registry.npmjs.org/domelementtype/-/domelementtype-2.3.0.tgz 0ms (cache hit)
215 http cache ee-first@https://registry.npmjs.org/ee-first/-/ee-first-1.1.1.tgz 0ms (cache hit)
216 http cache domutils@https://registry.npmjs.org/domutils/-/domutils-3.2.2.tgz 0ms (cache hit)
217 http cache depd@https://registry.npmjs.org/depd/-/depd-2.0.0.tgz 0ms (cache hit)
218 http cache dom-serializer@https://registry.npmjs.org/dom-serializer/-/dom-serializer-2.0.0.tgz 0ms (cache hit)
219 http cache decimal.js@https://registry.npmjs.org/decimal.js/-/decimal.js-10.6.0.tgz 0ms (cache hit)
220 http cache detect-libc@https://registry.npmjs.org/detect-libc/-/detect-libc-2.1.2.tgz 0ms (cache hit)
221 http cache electron-to-chromium@https://registry.npmjs.org/electron-to-chromium/-/electron-to-chromium-1.5.421.tgz 0ms (cache hit)
222 http cache debug@https://registry.npmjs.org/debug/-/debug-4.4.3.tgz 0ms (cache hit)
223 http cache cssstyle@https://registry.npmjs.org/cssstyle/-/cssstyle-6.2.0.tgz 0ms (cache hit)
224 http cache css-tree@https://registry.npmjs.org/css-tree/-/css-tree-3.2.1.tgz 0ms (cache hit)
225 http cache cross-spawn@https://registry.npmjs.org/cross-spawn/-/cross-spawn-7.0.6.tgz 0ms (cache hit)
226 http cache css-select@https://registry.npmjs.org/css-select/-/css-select-6.0.0.tgz 0ms (cache hit)
227 http cache cors@https://registry.npmjs.org/cors/-/cors-2.8.6.tgz 0ms (cache hit)
228 http cache cookie-signature@https://registry.npmjs.org/cookie-signature/-/cookie-signature-1.2.2.tgz 0ms (cache hit)
229 http cache data-urls@https://registry.npmjs.org/data-urls/-/data-urls-7.0.0.tgz 0ms (cache hit)
230 http cache cookie@https://registry.npmjs.org/cookie/-/cookie-0.7.2.tgz 0ms (cache hit)
231 http cache css-what@https://registry.npmjs.org/css-what/-/css-what-7.0.0.tgz 0ms (cache hit)
232 http cache content-type@https://registry.npmjs.org/content-type/-/content-type-1.0.5.tgz 0ms (cache hit)
233 http cache convert-source-map@https://registry.npmjs.org/convert-source-map/-/convert-source-map-1.9.0.tgz 0ms (cache hit)
234 http cache cli-spinners@https://registry.npmjs.org/cli-spinners/-/cli-spinners-3.4.0.tgz 0ms (cache hit)
235 http cache cli-truncate@https://registry.npmjs.org/cli-truncate/-/cli-truncate-6.1.1.tgz 0ms (cache hit)
236 http cache cliui@https://registry.npmjs.org/cliui/-/cliui-9.0.1.tgz 0ms (cache hit)
237 http cache content-disposition@https://registry.npmjs.org/content-disposition/-/content-disposition-1.1.0.tgz 0ms (cache hit)
238 http cache cli-width@https://registry.npmjs.org/cli-width/-/cli-width-4.1.0.tgz 0ms (cache hit)
239 http cache cli-cursor@https://registry.npmjs.org/cli-cursor/-/cli-cursor-5.0.0.tgz 0ms (cache hit)
240 http cache chai@https://registry.npmjs.org/chai/-/chai-6.2.2.tgz 0ms (cache hit)
241 http cache chalk@https://registry.npmjs.org/chalk/-/chalk-5.6.2.tgz 0ms (cache hit)
242 http cache chokidar@https://registry.npmjs.org/chokidar/-/chokidar-5.0.0.tgz 0ms (cache hit)
243 http cache chardet@https://registry.npmjs.org/chardet/-/chardet-2.2.0.tgz 0ms (cache hit)
244 http cache call-bound@https://registry.npmjs.org/call-bound/-/call-bound-1.0.4.tgz 0ms (cache hit)
245 http cache bytes@https://registry.npmjs.org/bytes/-/bytes-3.1.2.tgz 0ms (cache hit)
246 http cache call-bind-apply-helpers@https://registry.npmjs.org/call-bind-apply-helpers/-/call-bind-apply-helpers-1.0.2.tgz 0ms (cache hit)
247 http cache caniuse-lite@https://registry.npmjs.org/caniuse-lite/-/caniuse-lite-1.0.30001810.tgz 0ms (cache hit)
248 http cache buffer-from@https://registry.npmjs.org/buffer-from/-/buffer-from-1.1.2.tgz 0ms (cache hit)
249 http cache boolbase@https://registry.npmjs.org/boolbase/-/boolbase-1.0.0.tgz 0ms (cache hit)
250 http cache beasties@https://registry.npmjs.org/beasties/-/beasties-0.4.3.tgz 0ms (cache hit)
251 http cache body-parser@https://registry.npmjs.org/body-parser/-/body-parser-2.3.0.tgz 0ms (cache hit)
252 http cache baseline-browser-mapping@https://registry.npmjs.org/baseline-browser-mapping/-/baseline-browser-mapping-2.11.21.tgz 0ms (cache hit)
253 http cache bidi-js@https://registry.npmjs.org/bidi-js/-/bidi-js-1.0.3.tgz 0ms (cache hit)
254 http cache ansi-styles@https://registry.npmjs.org/ansi-styles/-/ansi-styles-6.2.3.tgz 0ms (cache hit)
255 http cache browserslist@https://registry.npmjs.org/browserslist/-/browserslist-4.28.8.tgz 0ms (cache hit)
256 http cache assertion-error@https://registry.npmjs.org/assertion-error/-/assertion-error-2.0.1.tgz 0ms (cache hit)
257 http cache ansi-regex@https://registry.npmjs.org/ansi-regex/-/ansi-regex-6.3.0.tgz 0ms (cache hit)
258 http cache @vitest/utils@https://registry.npmjs.org/@vitest/utils/-/utils-4.1.11.tgz 0ms (cache hit)
259 http cache ajv@https://registry.npmjs.org/ajv/-/ajv-8.20.0.tgz 0ms (cache hit)
260 http cache ansi-escapes@https://registry.npmjs.org/ansi-escapes/-/ansi-escapes-7.3.0.tgz 0ms (cache hit)
261 http cache @vitest/snapshot@https://registry.npmjs.org/@vitest/snapshot/-/snapshot-4.1.11.tgz 0ms (cache hit)
262 http cache agent-base@https://registry.npmjs.org/agent-base/-/agent-base-9.0.0.tgz 0ms (cache hit)
263 http cache accepts@https://registry.npmjs.org/accepts/-/accepts-2.0.0.tgz 0ms (cache hit)
264 http cache @vitest/spy@https://registry.npmjs.org/@vitest/spy/-/spy-4.1.11.tgz 0ms (cache hit)
265 http cache @vitest/pretty-format@https://registry.npmjs.org/@vitest/pretty-format/-/pretty-format-4.1.11.tgz 0ms (cache hit)
266 http cache @vitest/mocker@https://registry.npmjs.org/@vitest/mocker/-/mocker-4.1.11.tgz 0ms (cache hit)
267 http cache @vitejs/plugin-basic-ssl@https://registry.npmjs.org/@vitejs/plugin-basic-ssl/-/plugin-basic-ssl-2.3.0.tgz 0ms (cache hit)
268 http cache @types/gensync@https://registry.npmjs.org/@types/gensync/-/gensync-1.0.5.tgz 0ms (cache hit)
269 http cache ajv-formats@https://registry.npmjs.org/ajv-formats/-/ajv-formats-3.0.1.tgz 0ms (cache hit)
270 http cache @vitest/expect@https://registry.npmjs.org/@vitest/expect/-/expect-4.1.11.tgz 0ms (cache hit)
271 http cache @standard-schema/spec@https://registry.npmjs.org/@standard-schema/spec/-/spec-1.1.0.tgz 0ms (cache hit)
272 http cache @types/jsesc@https://registry.npmjs.org/@types/jsesc/-/jsesc-2.5.1.tgz 0ms (cache hit)
273 http cache @schematics/angular@https://registry.npmjs.org/@schematics/angular/-/angular-22.1.7.tgz 0ms (cache hit)
274 http cache @vitest/runner@https://registry.npmjs.org/@vitest/runner/-/runner-4.1.11.tgz 0ms (cache hit)
275 http cache @types/chai@https://registry.npmjs.org/@types/chai/-/chai-5.2.3.tgz 0ms (cache hit)
276 http cache @oxc-project/types@https://registry.npmjs.org/@oxc-project/types/-/types-0.142.0.tgz 0ms (cache hit)
277 http cache @types/deep-eql@https://registry.npmjs.org/@types/deep-eql/-/deep-eql-4.0.2.tgz 0ms (cache hit)
278 http cache @types/estree@https://registry.npmjs.org/@types/estree/-/estree-1.0.9.tgz 0ms (cache hit)
279 http cache @rolldown/binding-win32-x64-msvc@https://registry.npmjs.org/@rolldown/binding-win32-x64-msvc/-/binding-win32-x64-msvc-1.2.0.tgz 0ms (cache hit)
280 http cache @parcel/watcher@https://registry.npmjs.org/@parcel/watcher/-/watcher-2.6.0.tgz 0ms (cache hit)
281 http cache @rolldown/pluginutils@https://registry.npmjs.org/@rolldown/pluginutils/-/pluginutils-1.0.1.tgz 0ms (cache hit)
282 http cache @msgpackr-extract/msgpackr-extract-win32-x64@https://registry.npmjs.org/@msgpackr-extract/msgpackr-extract-win32-x64/-/msgpackr-extract-win32-x64-3.0.4.tgz 0ms (cache hit)
283 http cache @oxc-parser/binding-win32-x64-msvc@https://registry.npmjs.org/@oxc-parser/binding-win32-x64-msvc/-/binding-win32-x64-msvc-0.142.0.tgz 0ms (cache hit)
284 http cache @parcel/watcher-win32-x64@https://registry.npmjs.org/@parcel/watcher-win32-x64/-/watcher-win32-x64-2.6.0.tgz 0ms (cache hit)
285 http cache @modelcontextprotocol/sdk@https://registry.npmjs.org/@modelcontextprotocol/sdk/-/sdk-1.30.0.tgz 0ms (cache hit)
286 http cache @napi-rs/nice-win32-x64-msvc@https://registry.npmjs.org/@napi-rs/nice-win32-x64-msvc/-/nice-win32-x64-msvc-1.1.1.tgz 0ms (cache hit)
287 http cache @listr2/prompt-adapter-inquirer@https://registry.npmjs.org/@listr2/prompt-adapter-inquirer/-/prompt-adapter-inquirer-4.2.5.tgz 0ms (cache hit)
288 http cache @jridgewell/sourcemap-codec@https://registry.npmjs.org/@jridgewell/sourcemap-codec/-/sourcemap-codec-1.6.0.tgz 0ms (cache hit)
289 http cache @lmdb/lmdb-win32-x64@https://registry.npmjs.org/@lmdb/lmdb-win32-x64/-/lmdb-win32-x64-3.5.6.tgz 0ms (cache hit)
290 http cache @inquirer/type@https://registry.npmjs.org/@inquirer/type/-/type-4.1.1.tgz 0ms (cache hit)
291 http cache @napi-rs/nice@https://registry.npmjs.org/@napi-rs/nice/-/nice-1.1.1.tgz 0ms (cache hit)
292 http cache @jridgewell/trace-mapping@https://registry.npmjs.org/@jridgewell/trace-mapping/-/trace-mapping-0.3.31.tgz 0ms (cache hit)
293 http cache @jridgewell/resolve-uri@https://registry.npmjs.org/@jridgewell/resolve-uri/-/resolve-uri-3.1.2.tgz 0ms (cache hit)
294 http cache @inquirer/select@https://registry.npmjs.org/@inquirer/select/-/select-5.2.4.tgz 0ms (cache hit)
295 http cache @jridgewell/gen-mapping@https://registry.npmjs.org/@jridgewell/gen-mapping/-/gen-mapping-0.3.13.tgz 0ms (cache hit)
296 http cache @inquirer/rawlist@https://registry.npmjs.org/@inquirer/rawlist/-/rawlist-5.3.4.tgz 0ms (cache hit)
297 http cache @inquirer/search@https://registry.npmjs.org/@inquirer/search/-/search-4.3.2.tgz 0ms (cache hit)
298 http cache @inquirer/prompts@https://registry.npmjs.org/@inquirer/prompts/-/prompts-8.5.2.tgz 0ms (cache hit)
299 http cache @inquirer/number@https://registry.npmjs.org/@inquirer/number/-/number-4.2.2.tgz 0ms (cache hit)
300 http cache @inquirer/input@https://registry.npmjs.org/@inquirer/input/-/input-5.1.5.tgz 0ms (cache hit)
301 http cache @inquirer/figures@https://registry.npmjs.org/@inquirer/figures/-/figures-2.0.9.tgz 0ms (cache hit)
302 http cache @inquirer/password@https://registry.npmjs.org/@inquirer/password/-/password-5.2.1.tgz 0ms (cache hit)
303 http cache @inquirer/external-editor@https://registry.npmjs.org/@inquirer/external-editor/-/external-editor-3.0.5.tgz 0ms (cache hit)
304 http cache @inquirer/editor@https://registry.npmjs.org/@inquirer/editor/-/editor-5.3.2.tgz 0ms (cache hit)
305 http cache @inquirer/expand@https://registry.npmjs.org/@inquirer/expand/-/expand-5.1.4.tgz 0ms (cache hit)
306 http cache @hono/node-server@https://registry.npmjs.org/@hono/node-server/-/node-server-2.1.1.tgz 0ms (cache hit)
307 http cache @harperfast/extended-iterable@https://registry.npmjs.org/@harperfast/extended-iterable/-/extended-iterable-1.0.3.tgz 0ms (cache hit)
308 http cache @inquirer/core@https://registry.npmjs.org/@inquirer/core/-/core-11.2.1.tgz 0ms (cache hit)
309 http cache @inquirer/ansi@https://registry.npmjs.org/@inquirer/ansi/-/ansi-2.0.8.tgz 0ms (cache hit)
310 http cache @inquirer/confirm@https://registry.npmjs.org/@inquirer/confirm/-/confirm-6.1.1.tgz 0ms (cache hit)
311 http cache @exodus/bytes@https://registry.npmjs.org/@exodus/bytes/-/bytes-1.15.1.tgz 0ms (cache hit)
312 http cache @esbuild/win32-x64@https://registry.npmjs.org/@esbuild/win32-x64/-/win32-x64-0.28.2.tgz 0ms (cache hit)
313 http cache @csstools/css-tokenizer@https://registry.npmjs.org/@csstools/css-tokenizer/-/css-tokenizer-4.0.0.tgz 0ms (cache hit)
314 http cache @inquirer/checkbox@https://registry.npmjs.org/@inquirer/checkbox/-/checkbox-5.2.4.tgz 0ms (cache hit)
315 http cache @csstools/css-color-parser@https://registry.npmjs.org/@csstools/css-color-parser/-/css-color-parser-4.2.2.tgz 0ms (cache hit)
316 http cache @csstools/css-parser-algorithms@https://registry.npmjs.org/@csstools/css-parser-algorithms/-/css-parser-algorithms-4.0.0.tgz 0ms (cache hit)
317 http cache @csstools/css-syntax-patches-for-csstree@https://registry.npmjs.org/@csstools/css-syntax-patches-for-csstree/-/css-syntax-patches-for-csstree-1.1.12.tgz 0ms (cache hit)
318 http cache @csstools/color-helpers@https://registry.npmjs.org/@csstools/color-helpers/-/color-helpers-6.1.1.tgz 0ms (cache hit)
319 http cache @csstools/css-calc@https://registry.npmjs.org/@csstools/css-calc/-/css-calc-3.3.0.tgz 0ms (cache hit)
320 http cache @bramus/specificity@https://registry.npmjs.org/@bramus/specificity/-/specificity-2.4.2.tgz 0ms (cache hit)
321 http cache @babel/types@https://registry.npmjs.org/@babel/types/-/types-8.0.4.tgz 0ms (cache hit)
322 http cache @babel/traverse@https://registry.npmjs.org/@babel/traverse/-/traverse-8.0.4.tgz 0ms (cache hit)
323 http cache @babel/template@https://registry.npmjs.org/@babel/template/-/template-8.0.0.tgz 0ms (cache hit)
324 http cache @babel/parser@https://registry.npmjs.org/@babel/parser/-/parser-8.0.4.tgz 0ms (cache hit)
325 http cache @babel/helpers@https://registry.npmjs.org/@babel/helpers/-/helpers-8.0.0.tgz 0ms (cache hit)
326 http cache @babel/helper-string-parser@https://registry.npmjs.org/@babel/helper-string-parser/-/helper-string-parser-8.0.0.tgz 0ms (cache hit)
327 http cache @babel/helper-globals@https://registry.npmjs.org/@babel/helper-globals/-/helper-globals-8.0.0.tgz 0ms (cache hit)
328 http cache @babel/helper-validator-identifier@https://registry.npmjs.org/@babel/helper-validator-identifier/-/helper-validator-identifier-8.0.4.tgz 0ms (cache hit)
329 http cache @babel/helper-split-export-declaration@https://registry.npmjs.org/@babel/helper-split-export-declaration/-/helper-split-export-declaration-7.24.7.tgz 0ms (cache hit)
330 http cache @babel/helper-annotate-as-pure@https://registry.npmjs.org/@babel/helper-annotate-as-pure/-/helper-annotate-as-pure-8.0.0.tgz 0ms (cache hit)
331 http cache @babel/core@https://registry.npmjs.org/@babel/core/-/core-8.0.1.tgz 0ms (cache hit)
332 http cache @babel/helper-compilation-targets@https://registry.npmjs.org/@babel/helper-compilation-targets/-/helper-compilation-targets-8.0.0.tgz 0ms (cache hit)
333 http cache @babel/helper-validator-option@https://registry.npmjs.org/@babel/helper-validator-option/-/helper-validator-option-8.0.0.tgz 0ms (cache hit)
334 http cache @babel/code-frame@https://registry.npmjs.org/@babel/code-frame/-/code-frame-8.0.0.tgz 0ms (cache hit)
335 http cache @babel/generator@https://registry.npmjs.org/@babel/generator/-/generator-8.0.0.tgz 0ms (cache hit)
336 http cache @babel/compat-data@https://registry.npmjs.org/@babel/compat-data/-/compat-data-8.0.0.tgz 0ms (cache hit)
337 http cache @asamuzakjp/nwsapi@https://registry.npmjs.org/@asamuzakjp/nwsapi/-/nwsapi-2.3.9.tgz 0ms (cache hit)
338 http cache @asamuzakjp/css-color@https://registry.npmjs.org/@asamuzakjp/css-color/-/css-color-5.1.11.tgz 0ms (cache hit)
339 http cache @angular/forms@https://registry.npmjs.org/@angular/forms/-/forms-22.1.5.tgz 0ms (cache hit)
340 http cache @asamuzakjp/dom-selector@https://registry.npmjs.org/@asamuzakjp/dom-selector/-/dom-selector-6.8.1.tgz 0ms (cache hit)
341 http cache @angular/router@https://registry.npmjs.org/@angular/router/-/router-22.1.5.tgz 0ms (cache hit)
342 http cache @angular/platform-browser@https://registry.npmjs.org/@angular/platform-browser/-/platform-browser-22.1.5.tgz 0ms (cache hit)
343 http cache @angular/core@https://registry.npmjs.org/@angular/core/-/core-22.1.5.tgz 0ms (cache hit)
344 http cache @angular-devkit/schematics@https://registry.npmjs.org/@angular-devkit/schematics/-/schematics-22.1.7.tgz 0ms (cache hit)
345 http cache @angular/compiler@https://registry.npmjs.org/@angular/compiler/-/compiler-22.1.5.tgz 0ms (cache hit)
346 http cache @angular/common@https://registry.npmjs.org/@angular/common/-/common-22.1.5.tgz 0ms (cache hit)
347 http cache @angular/compiler-cli@https://registry.npmjs.org/@angular/compiler-cli/-/compiler-cli-22.1.5.tgz 0ms (cache hit)
348 http cache @ampproject/remapping@https://registry.npmjs.org/@ampproject/remapping/-/remapping-2.3.0.tgz 0ms (cache hit)
349 http cache @acemir/cssom@https://registry.npmjs.org/@acemir/cssom/-/cssom-0.9.31.tgz 0ms (cache hit)
350 http cache magic-string@https://registry.npmjs.org/magic-string/-/magic-string-0.30.21.tgz 0ms (cache hit)
351 http cache rolldown@https://registry.npmjs.org/rolldown/-/rolldown-1.1.5.tgz 0ms (cache hit)
352 http cache @angular/build@https://registry.npmjs.org/@angular/build/-/build-22.1.7.tgz 0ms (cache hit)
353 http cache @angular/cli@https://registry.npmjs.org/@angular/cli/-/cli-22.1.7.tgz 0ms (cache hit)
354 http cache @angular-devkit/architect@https://registry.npmjs.org/@angular-devkit/architect/-/architect-0.2201.7.tgz 0ms (cache hit)
355 http cache @rolldown/binding-win32-x64-msvc@https://registry.npmjs.org/@rolldown/binding-win32-x64-msvc/-/binding-win32-x64-msvc-1.1.5.tgz 0ms (cache hit)
356 http cache source-map@https://registry.npmjs.org/source-map/-/source-map-0.6.1.tgz 0ms (cache hit)
357 http cache @oxc-project/types@https://registry.npmjs.org/@oxc-project/types/-/types-0.139.0.tgz 0ms (cache hit)
358 http cache content-type@https://registry.npmjs.org/content-type/-/content-type-2.1.0.tgz 0ms (cache hit)
359 http cache @oxc-project/types@https://registry.npmjs.org/@oxc-project/types/-/types-0.140.0.tgz 0ms (cache hit)
360 http cache @angular-devkit/core@https://registry.npmjs.org/@angular-devkit/core/-/core-22.1.7.tgz 0ms (cache hit)
361 http cache content-type@https://registry.npmjs.org/content-type/-/content-type-2.1.0.tgz 0ms (cache hit)
362 http cache entities@https://registry.npmjs.org/entities/-/entities-8.0.0.tgz 0ms (cache hit)
363 http cache https-proxy-agent@https://registry.npmjs.org/https-proxy-agent/-/https-proxy-agent-7.0.6.tgz 0ms (cache hit)
364 http cache agent-base@https://registry.npmjs.org/agent-base/-/agent-base-7.1.4.tgz 0ms (cache hit)
365 http cache entities@https://registry.npmjs.org/entities/-/entities-7.0.1.tgz 0ms (cache hit)
366 http cache agent-base@https://registry.npmjs.org/agent-base/-/agent-base-7.1.4.tgz 0ms (cache hit)
367 http cache entities@https://registry.npmjs.org/entities/-/entities-8.0.0.tgz 0ms (cache hit)
368 http cache content-type@https://registry.npmjs.org/content-type/-/content-type-2.1.0.tgz 0ms (cache hit)
369 http cache string-width@https://registry.npmjs.org/string-width/-/string-width-7.2.0.tgz 0ms (cache hit)
370 http cache convert-source-map@https://registry.npmjs.org/convert-source-map/-/convert-source-map-2.0.0.tgz 0ms (cache hit)
371 http cache magic-string@https://registry.npmjs.org/magic-string/-/magic-string-0.30.21.tgz 0ms (cache hit)
372 http cache node-addon-api@https://registry.npmjs.org/node-addon-api/-/node-addon-api-7.1.1.tgz 0ms (cache hit)
373 http cache @inquirer/core@https://registry.npmjs.org/@inquirer/core/-/core-12.0.2.tgz 0ms (cache hit)
374 http cache magic-string@https://registry.npmjs.org/magic-string/-/magic-string-0.30.21.tgz 0ms (cache hit)
375 http cache @inquirer/core@https://registry.npmjs.org/@inquirer/core/-/core-12.0.2.tgz 0ms (cache hit)
376 http cache @inquirer/core@https://registry.npmjs.org/@inquirer/core/-/core-12.0.2.tgz 0ms (cache hit)
377 http cache @inquirer/core@https://registry.npmjs.org/@inquirer/core/-/core-12.0.2.tgz 0ms (cache hit)
378 http cache wrap-ansi@https://registry.npmjs.org/wrap-ansi/-/wrap-ansi-9.0.2.tgz 0ms (cache hit)
379 http cache @inquirer/core@https://registry.npmjs.org/@inquirer/core/-/core-12.0.2.tgz 0ms (cache hit)
380 http cache @inquirer/core@https://registry.npmjs.org/@inquirer/core/-/core-12.0.2.tgz 0ms (cache hit)
381 http cache @inquirer/core@https://registry.npmjs.org/@inquirer/core/-/core-12.0.2.tgz 0ms (cache hit)
382 http cache @inquirer/core@https://registry.npmjs.org/@inquirer/core/-/core-12.0.2.tgz 0ms (cache hit)
383 http cache @inquirer/core@https://registry.npmjs.org/@inquirer/core/-/core-12.0.2.tgz 0ms (cache hit)
384 http cache @asamuzakjp/generational-cache@https://registry.npmjs.org/@asamuzakjp/generational-cache/-/generational-cache-1.0.1.tgz 0ms (cache hit)
385 http cache @babel/types@https://registry.npmjs.org/@babel/types/-/types-7.29.8.tgz 0ms (cache hit)
386 silly tarball no local data for zod-to-json-schema@https://registry.npmjs.org/zod-to-json-schema/-/zod-to-json-schema-3.25.2.tgz. Extracting by manifest.
387 silly tarball no local data for yargs-parser@https://registry.npmjs.org/yargs-parser/-/yargs-parser-22.0.0.tgz. Extracting by manifest.
388 http cache convert-source-map@https://registry.npmjs.org/convert-source-map/-/convert-source-map-2.0.0.tgz 0ms (cache hit)
389 silly tarball no local data for zod@https://registry.npmjs.org/zod/-/zod-4.4.3.tgz. Extracting by manifest.
390 silly tarball no local data for yoctocolors@https://registry.npmjs.org/yoctocolors/-/yoctocolors-2.2.0.tgz. Extracting by manifest.
391 silly tarball no local data for wrappy@https://registry.npmjs.org/wrappy/-/wrappy-1.0.2.tgz. Extracting by manifest.
392 silly tarball no local data for y18n@https://registry.npmjs.org/y18n/-/y18n-5.0.8.tgz. Extracting by manifest.
393 silly tarball no local data for yargs@https://registry.npmjs.org/yargs/-/yargs-18.1.0.tgz. Extracting by manifest.
394 silly tarball no local data for xml-name-validator@https://registry.npmjs.org/xml-name-validator/-/xml-name-validator-5.0.0.tgz. Extracting by manifest.
395 silly tarball no local data for xmlchars@https://registry.npmjs.org/xmlchars/-/xmlchars-2.2.0.tgz. Extracting by manifest.
396 silly tarball no local data for wrap-ansi@https://registry.npmjs.org/wrap-ansi/-/wrap-ansi-10.0.1.tgz. Extracting by manifest.
397 silly tarball no local data for which@https://registry.npmjs.org/which/-/which-2.0.2.tgz. Extracting by manifest.
398 silly tarball no local data for why-is-node-running@https://registry.npmjs.org/why-is-node-running/-/why-is-node-running-2.3.0.tgz. Extracting by manifest.
399 silly tarball no local data for whatwg-url@https://registry.npmjs.org/whatwg-url/-/whatwg-url-16.0.1.tgz. Extracting by manifest.
400 silly tarball no local data for whatwg-mimetype@https://registry.npmjs.org/whatwg-mimetype/-/whatwg-mimetype-5.0.0.tgz. Extracting by manifest.
401 silly tarball no local data for webidl-conversions@https://registry.npmjs.org/webidl-conversions/-/webidl-conversions-8.0.1.tgz. Extracting by manifest.
402 silly tarball no local data for weak-lru-cache@https://registry.npmjs.org/weak-lru-cache/-/weak-lru-cache-1.2.2.tgz. Extracting by manifest.
403 silly tarball no local data for watchpack@https://registry.npmjs.org/watchpack/-/watchpack-2.5.2.tgz. Extracting by manifest.
404 http cache @babel/helper-string-parser@https://registry.npmjs.org/@babel/helper-string-parser/-/helper-string-parser-7.29.7.tgz 0ms (cache hit)
405 silly tarball no local data for w3c-xmlserializer@https://registry.npmjs.org/w3c-xmlserializer/-/w3c-xmlserializer-5.0.0.tgz. Extracting by manifest.
406 silly tarball no local data for vitest@https://registry.npmjs.org/vitest/-/vitest-4.1.11.tgz. Extracting by manifest.
407 silly tarball no local data for vite@https://registry.npmjs.org/vite/-/vite-8.1.5.tgz. Extracting by manifest.
408 silly tarball no local data for vary@https://registry.npmjs.org/vary/-/vary-1.1.2.tgz. Extracting by manifest.
409 silly tarball no local data for update-browserslist-db@https://registry.npmjs.org/update-browserslist-db/-/update-browserslist-db-1.3.2.tgz. Extracting by manifest.
410 silly tarball no local data for unpipe@https://registry.npmjs.org/unpipe/-/unpipe-1.0.0.tgz. Extracting by manifest.
411 silly tarball no local data for undici@https://registry.npmjs.org/undici/-/undici-7.29.0.tgz. Extracting by manifest.
412 http cache @babel/helper-validator-identifier@https://registry.npmjs.org/@babel/helper-validator-identifier/-/helper-validator-identifier-7.29.7.tgz 0ms (cache hit)
413 silly tarball no local data for validate-npm-package-name@https://registry.npmjs.org/validate-npm-package-name/-/validate-npm-package-name-8.0.0.tgz. Extracting by manifest.
414 silly tarball no local data for type-is@https://registry.npmjs.org/type-is/-/type-is-2.1.0.tgz. Extracting by manifest.
415 silly tarball no local data for tr46@https://registry.npmjs.org/tr46/-/tr46-6.0.0.tgz. Extracting by manifest.
416 silly tarball no local data for tslib@https://registry.npmjs.org/tslib/-/tslib-2.8.1.tgz. Extracting by manifest.
417 silly tarball no local data for tough-cookie@https://registry.npmjs.org/tough-cookie/-/tough-cookie-6.0.2.tgz. Extracting by manifest.
418 silly tarball no local data for toidentifier@https://registry.npmjs.org/toidentifier/-/toidentifier-1.0.1.tgz. Extracting by manifest.
419 silly tarball no local data for typescript@https://registry.npmjs.org/typescript/-/typescript-6.0.3.tgz. Extracting by manifest.
420 silly tarball no local data for tldts-core@https://registry.npmjs.org/tldts-core/-/tldts-core-7.4.11.tgz. Extracting by manifest.
421 silly tarball no local data for tinyglobby@https://registry.npmjs.org/tinyglobby/-/tinyglobby-0.2.17.tgz. Extracting by manifest.
422 silly tarball no local data for tinyrainbow@https://registry.npmjs.org/tinyrainbow/-/tinyrainbow-3.1.1.tgz. Extracting by manifest.
423 silly tarball no local data for tldts@https://registry.npmjs.org/tldts/-/tldts-7.4.11.tgz. Extracting by manifest.
424 silly tarball no local data for string-width@https://registry.npmjs.org/string-width/-/string-width-8.2.2.tgz. Extracting by manifest.
425 silly tarball no local data for strip-ansi@https://registry.npmjs.org/strip-ansi/-/strip-ansi-7.2.0.tgz. Extracting by manifest.
426 silly tarball no local data for tinyexec@https://registry.npmjs.org/tinyexec/-/tinyexec-1.3.1.tgz. Extracting by manifest.
427 silly tarball no local data for tinybench@https://registry.npmjs.org/tinybench/-/tinybench-2.9.0.tgz. Extracting by manifest.
428 silly tarball no local data for std-env@https://registry.npmjs.org/std-env/-/std-env-4.2.0.tgz. Extracting by manifest.
429 silly tarball no local data for statuses@https://registry.npmjs.org/statuses/-/statuses-2.0.2.tgz. Extracting by manifest.
430 silly tarball no local data for stackback@https://registry.npmjs.org/stackback/-/stackback-0.0.2.tgz. Extracting by manifest.
431 silly tarball no local data for source-map-js@https://registry.npmjs.org/source-map-js/-/source-map-js-1.2.1.tgz. Extracting by manifest.
432 silly tarball no local data for symbol-tree@https://registry.npmjs.org/symbol-tree/-/symbol-tree-3.2.4.tgz. Extracting by manifest.
433 silly tarball no local data for source-map-support@https://registry.npmjs.org/source-map-support/-/source-map-support-0.5.21.tgz. Extracting by manifest.
434 silly tarball no local data for slice-ansi@https://registry.npmjs.org/slice-ansi/-/slice-ansi-9.0.0.tgz. Extracting by manifest.
435 silly tarball no local data for side-channel-map@https://registry.npmjs.org/side-channel-map/-/side-channel-map-1.0.1.tgz. Extracting by manifest.
436 silly tarball no local data for side-channel-weakmap@https://registry.npmjs.org/side-channel-weakmap/-/side-channel-weakmap-1.0.2.tgz. Extracting by manifest.
437 silly tarball no local data for signal-exit@https://registry.npmjs.org/signal-exit/-/signal-exit-4.1.0.tgz. Extracting by manifest.
438 silly tarball no local data for source-map@https://registry.npmjs.org/source-map/-/source-map-0.7.6.tgz. Extracting by manifest.
439 silly tarball no local data for stdin-discarder@https://registry.npmjs.org/stdin-discarder/-/stdin-discarder-0.3.2.tgz. Extracting by manifest.
440 silly tarball no local data for siginfo@https://registry.npmjs.org/siginfo/-/siginfo-2.0.0.tgz. Extracting by manifest.
441 silly tarball no local data for side-channel-list@https://registry.npmjs.org/side-channel-list/-/side-channel-list-1.0.1.tgz. Extracting by manifest.
442 silly tarball no local data for side-channel@https://registry.npmjs.org/side-channel/-/side-channel-1.1.1.tgz. Extracting by manifest.
443 silly tarball no local data for shebang-command@https://registry.npmjs.org/shebang-command/-/shebang-command-2.0.0.tgz. Extracting by manifest.
444 silly tarball no local data for setprototypeof@https://registry.npmjs.org/setprototypeof/-/setprototypeof-1.2.0.tgz. Extracting by manifest.
445 silly tarball no local data for serve-static@https://registry.npmjs.org/serve-static/-/serve-static-2.2.1.tgz. Extracting by manifest.
446 silly tarball no local data for send@https://registry.npmjs.org/send/-/send-1.2.1.tgz. Extracting by manifest.
447 silly tarball no local data for semver@https://registry.npmjs.org/semver/-/semver-7.8.5.tgz. Extracting by manifest.
448 silly tarball no local data for sass@https://registry.npmjs.org/sass/-/sass-1.101.0.tgz. Extracting by manifest.
449 silly tarball no local data for saxes@https://registry.npmjs.org/saxes/-/saxes-6.0.0.tgz. Extracting by manifest.
450 silly tarball no local data for rxjs@https://registry.npmjs.org/rxjs/-/rxjs-7.8.2.tgz. Extracting by manifest.
451 silly tarball no local data for router@https://registry.npmjs.org/router/-/router-2.2.0.tgz. Extracting by manifest.
452 silly tarball no local data for rolldown@https://registry.npmjs.org/rolldown/-/rolldown-1.2.0.tgz. Extracting by manifest.
453 silly tarball no local data for shebang-regex@https://registry.npmjs.org/shebang-regex/-/shebang-regex-3.0.0.tgz. Extracting by manifest.
454 silly tarball no local data for safer-buffer@https://registry.npmjs.org/safer-buffer/-/safer-buffer-2.1.2.tgz. Extracting by manifest.
455 silly tarball no local data for restore-cursor@https://registry.npmjs.org/restore-cursor/-/restore-cursor-5.1.0.tgz. Extracting by manifest.
456 silly tarball no local data for readdirp@https://registry.npmjs.org/readdirp/-/readdirp-5.1.1.tgz. Extracting by manifest.
457 silly tarball no local data for raw-body@https://registry.npmjs.org/raw-body/-/raw-body-3.0.2.tgz. Extracting by manifest.
458 silly tarball no local data for require-from-string@https://registry.npmjs.org/require-from-string/-/require-from-string-2.0.2.tgz. Extracting by manifest.
459 silly tarball no local data for range-parser@https://registry.npmjs.org/range-parser/-/range-parser-1.3.0.tgz. Extracting by manifest.
460 silly tarball no local data for qs@https://registry.npmjs.org/qs/-/qs-6.16.0.tgz. Extracting by manifest.
461 silly tarball no local data for punycode@https://registry.npmjs.org/punycode/-/punycode-2.3.1.tgz. Extracting by manifest.
462 silly tarball no local data for reflect-metadata@https://registry.npmjs.org/reflect-metadata/-/reflect-metadata-0.2.2.tgz. Extracting by manifest.
463 silly tarball no local data for proxy-addr@https://registry.npmjs.org/proxy-addr/-/proxy-addr-2.0.7.tgz. Extracting by manifest.
464 silly tarball no local data for prettier@https://registry.npmjs.org/prettier/-/prettier-3.9.6.tgz. Extracting by manifest.
465 silly tarball no local data for proxy-agent-negotiate@https://registry.npmjs.org/proxy-agent-negotiate/-/proxy-agent-negotiate-1.1.0.tgz. Extracting by manifest.
466 silly tarball no local data for postcss@https://registry.npmjs.org/postcss/-/postcss-8.5.28.tgz. Extracting by manifest.
467 silly tarball no local data for postcss-safe-parser@https://registry.npmjs.org/postcss-safe-parser/-/postcss-safe-parser-7.0.1.tgz. Extracting by manifest.
468 silly tarball no local data for postcss-media-query-parser@https://registry.npmjs.org/postcss-media-query-parser/-/postcss-media-query-parser-0.2.3.tgz. Extracting by manifest.
469 silly tarball no local data for pkce-challenge@https://registry.npmjs.org/pkce-challenge/-/pkce-challenge-5.0.1.tgz. Extracting by manifest.
470 silly tarball no local data for picocolors@https://registry.npmjs.org/picocolors/-/picocolors-1.1.1.tgz. Extracting by manifest.
471 silly tarball no local data for proc-log@https://registry.npmjs.org/proc-log/-/proc-log-7.0.0.tgz. Extracting by manifest.
472 silly tarball no local data for picomatch@https://registry.npmjs.org/picomatch/-/picomatch-4.0.5.tgz. Extracting by manifest.
473 silly tarball no local data for piscina@https://registry.npmjs.org/piscina/-/piscina-5.2.0.tgz. Extracting by manifest.
474 silly tarball no local data for parse5-sax-parser@https://registry.npmjs.org/parse5-sax-parser/-/parse5-sax-parser-8.0.0.tgz. Extracting by manifest.
475 silly tarball no local data for path-key@https://registry.npmjs.org/path-key/-/path-key-3.1.1.tgz. Extracting by manifest.
476 silly tarball no local data for pathe@https://registry.npmjs.org/pathe/-/pathe-2.0.3.tgz. Extracting by manifest.
477 silly tarball no local data for parseurl@https://registry.npmjs.org/parseurl/-/parseurl-1.3.3.tgz. Extracting by manifest.
478 silly tarball no local data for path-to-regexp@https://registry.npmjs.org/path-to-regexp/-/path-to-regexp-8.4.2.tgz. Extracting by manifest.
479 silly tarball no local data for parse5@https://registry.npmjs.org/parse5/-/parse5-8.0.1.tgz. Extracting by manifest.
480 silly tarball no local data for oxc-parser@https://registry.npmjs.org/oxc-parser/-/oxc-parser-0.142.0.tgz. Extracting by manifest.
481 silly tarball no local data for ordered-binary@https://registry.npmjs.org/ordered-binary/-/ordered-binary-1.6.1.tgz. Extracting by manifest.
482 silly tarball no local data for on-finished@https://registry.npmjs.org/on-finished/-/on-finished-2.4.1.tgz. Extracting by manifest.
483 silly tarball no local data for ora@https://registry.npmjs.org/ora/-/ora-9.4.1.tgz. Extracting by manifest.
484 silly tarball no local data for once@https://registry.npmjs.org/once/-/once-1.4.0.tgz. Extracting by manifest.
485 silly tarball no local data for parse5-html-rewriting-stream@https://registry.npmjs.org/parse5-html-rewriting-stream/-/parse5-html-rewriting-stream-8.0.1.tgz. Extracting by manifest.
486 silly tarball no local data for onetime@https://registry.npmjs.org/onetime/-/onetime-7.0.0.tgz. Extracting by manifest.
487 silly tarball no local data for object-inspect@https://registry.npmjs.org/object-inspect/-/object-inspect-1.13.4.tgz. Extracting by manifest.
488 silly tarball no local data for obug@https://registry.npmjs.org/obug/-/obug-2.1.4.tgz. Extracting by manifest.
489 silly tarball no local data for nth-check@https://registry.npmjs.org/nth-check/-/nth-check-2.1.1.tgz. Extracting by manifest.
490 silly tarball no local data for node-releases@https://registry.npmjs.org/node-releases/-/node-releases-2.0.54.tgz. Extracting by manifest.
491 silly tarball no local data for object-assign@https://registry.npmjs.org/object-assign/-/object-assign-4.1.1.tgz. Extracting by manifest.
492 silly tarball no local data for node-gyp-build-optional-packages@https://registry.npmjs.org/node-gyp-build-optional-packages/-/node-gyp-build-optional-packages-5.2.2.tgz. Extracting by manifest.
493 silly tarball no local data for node-addon-api@https://registry.npmjs.org/node-addon-api/-/node-addon-api-6.1.0.tgz. Extracting by manifest.
494 silly tarball no local data for negotiator@https://registry.npmjs.org/negotiator/-/negotiator-1.1.0.tgz. Extracting by manifest.
495 silly tarball no local data for msgpackr@https://registry.npmjs.org/msgpackr/-/msgpackr-1.12.1.tgz. Extracting by manifest.
496 silly tarball no local data for npm-package-arg@https://registry.npmjs.org/npm-package-arg/-/npm-package-arg-14.0.0.tgz. Extracting by manifest.
497 silly tarball no local data for nanoid@https://registry.npmjs.org/nanoid/-/nanoid-3.3.18.tgz. Extracting by manifest.
498 silly tarball no local data for mute-stream@https://registry.npmjs.org/mute-stream/-/mute-stream-3.0.0.tgz. Extracting by manifest.
499 silly tarball no local data for ms@https://registry.npmjs.org/ms/-/ms-2.1.3.tgz. Extracting by manifest.
500 silly tarball no local data for mrmime@https://registry.npmjs.org/mrmime/-/mrmime-2.0.1.tgz. Extracting by manifest.
501 silly tarball no local data for msgpackr-extract@https://registry.npmjs.org/msgpackr-extract/-/msgpackr-extract-3.0.4.tgz. Extracting by manifest.
502 silly tarball no local data for mimic-function@https://registry.npmjs.org/mimic-function/-/mimic-function-5.0.1.tgz. Extracting by manifest.
503 silly tarball no local data for mime-db@https://registry.npmjs.org/mime-db/-/mime-db-1.54.0.tgz. Extracting by manifest.
504 silly tarball no local data for mime-types@https://registry.npmjs.org/mime-types/-/mime-types-3.0.2.tgz. Extracting by manifest.
505 silly tarball no local data for mdn-data@https://registry.npmjs.org/mdn-data/-/mdn-data-2.27.1.tgz. Extracting by manifest.
506 silly tarball no local data for merge-descriptors@https://registry.npmjs.org/merge-descriptors/-/merge-descriptors-2.0.0.tgz. Extracting by manifest.
507 silly tarball no local data for lru-cache@https://registry.npmjs.org/lru-cache/-/lru-cache-11.5.2.tgz. Extracting by manifest.
508 silly tarball no local data for magic-string@https://registry.npmjs.org/magic-string/-/magic-string-1.0.0.tgz. Extracting by manifest.
509 silly tarball no local data for media-typer@https://registry.npmjs.org/media-typer/-/media-typer-1.1.1.tgz. Extracting by manifest.
510 silly tarball no local data for lmdb@https://registry.npmjs.org/lmdb/-/lmdb-3.5.6.tgz. Extracting by manifest.
511 silly tarball no local data for math-intrinsics@https://registry.npmjs.org/math-intrinsics/-/math-intrinsics-1.1.0.tgz. Extracting by manifest.
512 silly tarball no local data for listr2@https://registry.npmjs.org/listr2/-/listr2-11.0.0.tgz. Extracting by manifest.
513 silly tarball no local data for lightningcss-win32-x64-msvc@https://registry.npmjs.org/lightningcss-win32-x64-msvc/-/lightningcss-win32-x64-msvc-1.33.0.tgz. Extracting by manifest.
514 silly tarball no local data for log-symbols@https://registry.npmjs.org/log-symbols/-/log-symbols-7.0.1.tgz. Extracting by manifest.
515 silly tarball no local data for log-update@https://registry.npmjs.org/log-update/-/log-update-8.0.0.tgz. Extracting by manifest.
516 silly tarball no local data for lightningcss@https://registry.npmjs.org/lightningcss/-/lightningcss-1.33.0.tgz. Extracting by manifest.
517 silly tarball no local data for jsonc-parser@https://registry.npmjs.org/jsonc-parser/-/jsonc-parser-3.3.1.tgz. Extracting by manifest.
518 silly tarball no local data for json-schema-typed@https://registry.npmjs.org/json-schema-typed/-/json-schema-typed-8.0.2.tgz. Extracting by manifest.
519 silly tarball no local data for jsesc@https://registry.npmjs.org/jsesc/-/jsesc-3.1.0.tgz. Extracting by manifest.
520 silly tarball no local data for json-schema-traverse@https://registry.npmjs.org/json-schema-traverse/-/json-schema-traverse-1.0.0.tgz. Extracting by manifest.
521 silly tarball no local data for json5@https://registry.npmjs.org/json5/-/json5-2.2.3.tgz. Extracting by manifest.
522 silly tarball no local data for js-tokens@https://registry.npmjs.org/js-tokens/-/js-tokens-10.0.0.tgz. Extracting by manifest.
523 silly tarball no local data for jsdom@https://registry.npmjs.org/jsdom/-/jsdom-28.1.0.tgz. Extracting by manifest.
524 silly tarball no local data for isexe@https://registry.npmjs.org/isexe/-/isexe-2.0.0.tgz. Extracting by manifest.
525 silly tarball no local data for jose@https://registry.npmjs.org/jose/-/jose-6.2.10.tgz. Extracting by manifest.
526 silly tarball no local data for is-potential-custom-element-name@https://registry.npmjs.org/is-potential-custom-element-name/-/is-potential-custom-element-name-1.0.1.tgz. Extracting by manifest.
527 silly tarball no local data for is-promise@https://registry.npmjs.org/is-promise/-/is-promise-4.0.0.tgz. Extracting by manifest.
528 silly tarball no local data for is-extglob@https://registry.npmjs.org/is-extglob/-/is-extglob-2.1.1.tgz. Extracting by manifest.
529 silly tarball no local data for is-unicode-supported@https://registry.npmjs.org/is-unicode-supported/-/is-unicode-supported-2.1.0.tgz. Extracting by manifest.
530 silly tarball no local data for is-fullwidth-code-point@https://registry.npmjs.org/is-fullwidth-code-point/-/is-fullwidth-code-point-5.1.0.tgz. Extracting by manifest.
531 silly tarball no local data for is-glob@https://registry.npmjs.org/is-glob/-/is-glob-4.0.3.tgz. Extracting by manifest.
532 silly tarball no local data for ipaddr.js@https://registry.npmjs.org/ipaddr.js/-/ipaddr.js-1.9.1.tgz. Extracting by manifest.
533 silly tarball no local data for is-interactive@https://registry.npmjs.org/is-interactive/-/is-interactive-2.0.0.tgz. Extracting by manifest.
534 silly tarball no local data for ip-address@https://registry.npmjs.org/ip-address/-/ip-address-10.7.0.tgz. Extracting by manifest.
535 silly tarball no local data for import-meta-resolve@https://registry.npmjs.org/import-meta-resolve/-/import-meta-resolve-4.2.0.tgz. Extracting by manifest.
536 silly tarball no local data for inherits@https://registry.npmjs.org/inherits/-/inherits-2.0.4.tgz. Extracting by manifest.
537 silly tarball no local data for iconv-lite@https://registry.npmjs.org/iconv-lite/-/iconv-lite-0.7.3.tgz. Extracting by manifest.
538 silly tarball no local data for https-proxy-agent@https://registry.npmjs.org/https-proxy-agent/-/https-proxy-agent-9.1.0.tgz. Extracting by manifest.
539 silly tarball no local data for immutable@https://registry.npmjs.org/immutable/-/immutable-5.1.9.tgz. Extracting by manifest.
540 silly tarball no local data for http-proxy-agent@https://registry.npmjs.org/http-proxy-agent/-/http-proxy-agent-7.0.2.tgz. Extracting by manifest.
541 silly tarball no local data for http-errors@https://registry.npmjs.org/http-errors/-/http-errors-2.0.1.tgz. Extracting by manifest.
542 silly tarball no local data for html-encoding-sniffer@https://registry.npmjs.org/html-encoding-sniffer/-/html-encoding-sniffer-6.0.0.tgz. Extracting by manifest.
543 silly tarball no local data for hono@https://registry.npmjs.org/hono/-/hono-4.13.5.tgz. Extracting by manifest.
544 silly tarball no local data for hasown@https://registry.npmjs.org/hasown/-/hasown-2.0.4.tgz. Extracting by manifest.
545 silly tarball no local data for htmlparser2@https://registry.npmjs.org/htmlparser2/-/htmlparser2-10.1.0.tgz. Extracting by manifest.
546 silly tarball no local data for has-symbols@https://registry.npmjs.org/has-symbols/-/has-symbols-1.1.0.tgz. Extracting by manifest.
547 silly tarball no local data for graceful-fs@https://registry.npmjs.org/graceful-fs/-/graceful-fs-4.2.11.tgz. Extracting by manifest.
548 silly tarball no local data for hosted-git-info@https://registry.npmjs.org/hosted-git-info/-/hosted-git-info-10.1.1.tgz. Extracting by manifest.
549 silly tarball no local data for gopd@https://registry.npmjs.org/gopd/-/gopd-1.2.0.tgz. Extracting by manifest.
550 silly tarball no local data for get-proto@https://registry.npmjs.org/get-proto/-/get-proto-1.0.1.tgz. Extracting by manifest.
551 silly tarball no local data for get-intrinsic@https://registry.npmjs.org/get-intrinsic/-/get-intrinsic-1.3.0.tgz. Extracting by manifest.
552 silly tarball no local data for get-east-asian-width@https://registry.npmjs.org/get-east-asian-width/-/get-east-asian-width-1.6.0.tgz. Extracting by manifest.
553 silly tarball no local data for gensync@https://registry.npmjs.org/gensync/-/gensync-1.0.0-beta.2.tgz. Extracting by manifest.
554 silly tarball no local data for function-bind@https://registry.npmjs.org/function-bind/-/function-bind-1.1.2.tgz. Extracting by manifest.
555 silly tarball no local data for forwarded@https://registry.npmjs.org/forwarded/-/forwarded-0.2.0.tgz. Extracting by manifest.
556 silly tarball no local data for finalhandler@https://registry.npmjs.org/finalhandler/-/finalhandler-2.1.1.tgz. Extracting by manifest.
557 silly tarball no local data for fresh@https://registry.npmjs.org/fresh/-/fresh-2.0.0.tgz. Extracting by manifest.
558 silly tarball no local data for fdir@https://registry.npmjs.org/fdir/-/fdir-6.5.0.tgz. Extracting by manifest.
559 silly tarball no local data for fast-uri@https://registry.npmjs.org/fast-uri/-/fast-uri-3.1.7.tgz. Extracting by manifest.
560 silly tarball no local data for fast-string-width@https://registry.npmjs.org/fast-string-width/-/fast-string-width-3.0.2.tgz. Extracting by manifest.
561 silly tarball no local data for fast-wrap-ansi@https://registry.npmjs.org/fast-wrap-ansi/-/fast-wrap-ansi-0.2.2.tgz. Extracting by manifest.
562 silly tarball no local data for fast-deep-equal@https://registry.npmjs.org/fast-deep-equal/-/fast-deep-equal-3.1.3.tgz. Extracting by manifest.
563 silly tarball no local data for fast-string-truncated-width@https://registry.npmjs.org/fast-string-truncated-width/-/fast-string-truncated-width-3.0.3.tgz. Extracting by manifest.
564 silly tarball no local data for get-caller-file@https://registry.npmjs.org/get-caller-file/-/get-caller-file-2.0.5.tgz. Extracting by manifest.
565 silly tarball no local data for express-rate-limit@https://registry.npmjs.org/express-rate-limit/-/express-rate-limit-8.7.0.tgz. Extracting by manifest.
566 silly tarball no local data for expect-type@https://registry.npmjs.org/expect-type/-/expect-type-1.4.0.tgz. Extracting by manifest.
567 silly tarball no local data for express@https://registry.npmjs.org/express/-/express-5.2.1.tgz. Extracting by manifest.
568 silly tarball no local data for eventsource@https://registry.npmjs.org/eventsource/-/eventsource-3.0.7.tgz. Extracting by manifest.
569 silly tarball no local data for etag@https://registry.npmjs.org/etag/-/etag-1.8.1.tgz. Extracting by manifest.
570 silly tarball no local data for estree-walker@https://registry.npmjs.org/estree-walker/-/estree-walker-3.0.3.tgz. Extracting by manifest.
571 silly tarball no local data for escape-html@https://registry.npmjs.org/escape-html/-/escape-html-1.0.3.tgz. Extracting by manifest.
572 silly tarball no local data for escalade@https://registry.npmjs.org/escalade/-/escalade-3.2.0.tgz. Extracting by manifest.
573 silly tarball no local data for esbuild@https://registry.npmjs.org/esbuild/-/esbuild-0.28.2.tgz. Extracting by manifest.
574 silly tarball no local data for es-errors@https://registry.npmjs.org/es-errors/-/es-errors-1.3.0.tgz. Extracting by manifest.
575 silly tarball no local data for es-object-atoms@https://registry.npmjs.org/es-object-atoms/-/es-object-atoms-1.1.2.tgz. Extracting by manifest.
576 silly tarball no local data for es-module-lexer@https://registry.npmjs.org/es-module-lexer/-/es-module-lexer-2.3.2.tgz. Extracting by manifest.
577 silly tarball no local data for es-define-property@https://registry.npmjs.org/es-define-property/-/es-define-property-1.0.1.tgz. Extracting by manifest.
578 silly tarball no local data for environment@https://registry.npmjs.org/environment/-/environment-1.1.0.tgz. Extracting by manifest.
579 silly tarball no local data for encodeurl@https://registry.npmjs.org/encodeurl/-/encodeurl-2.0.0.tgz. Extracting by manifest.
580 silly tarball no local data for entities@https://registry.npmjs.org/entities/-/entities-4.5.0.tgz. Extracting by manifest.
581 silly tarball no local data for eventsource-parser@https://registry.npmjs.org/eventsource-parser/-/eventsource-parser-3.1.1.tgz. Extracting by manifest.
582 silly tarball no local data for empathic@https://registry.npmjs.org/empathic/-/empathic-2.0.1.tgz. Extracting by manifest.
583 silly tarball no local data for emoji-regex@https://registry.npmjs.org/emoji-regex/-/emoji-regex-10.6.0.tgz. Extracting by manifest.
584 silly tarball no local data for domhandler@https://registry.npmjs.org/domhandler/-/domhandler-5.0.3.tgz. Extracting by manifest.
585 silly tarball no local data for dunder-proto@https://registry.npmjs.org/dunder-proto/-/dunder-proto-1.0.1.tgz. Extracting by manifest.
586 silly tarball no local data for domelementtype@https://registry.npmjs.org/domelementtype/-/domelementtype-2.3.0.tgz. Extracting by manifest.
587 silly tarball no local data for ee-first@https://registry.npmjs.org/ee-first/-/ee-first-1.1.1.tgz. Extracting by manifest.
588 silly tarball no local data for domutils@https://registry.npmjs.org/domutils/-/domutils-3.2.2.tgz. Extracting by manifest.
589 silly tarball no local data for depd@https://registry.npmjs.org/depd/-/depd-2.0.0.tgz. Extracting by manifest.
590 silly tarball no local data for dom-serializer@https://registry.npmjs.org/dom-serializer/-/dom-serializer-2.0.0.tgz. Extracting by manifest.
591 silly tarball no local data for decimal.js@https://registry.npmjs.org/decimal.js/-/decimal.js-10.6.0.tgz. Extracting by manifest.
592 silly tarball no local data for detect-libc@https://registry.npmjs.org/detect-libc/-/detect-libc-2.1.2.tgz. Extracting by manifest.
593 silly tarball no local data for electron-to-chromium@https://registry.npmjs.org/electron-to-chromium/-/electron-to-chromium-1.5.421.tgz. Extracting by manifest.
594 silly tarball no local data for debug@https://registry.npmjs.org/debug/-/debug-4.4.3.tgz. Extracting by manifest.
595 silly tarball no local data for cssstyle@https://registry.npmjs.org/cssstyle/-/cssstyle-6.2.0.tgz. Extracting by manifest.
596 silly tarball no local data for css-tree@https://registry.npmjs.org/css-tree/-/css-tree-3.2.1.tgz. Extracting by manifest.
597 silly tarball no local data for cross-spawn@https://registry.npmjs.org/cross-spawn/-/cross-spawn-7.0.6.tgz. Extracting by manifest.
598 silly tarball no local data for css-select@https://registry.npmjs.org/css-select/-/css-select-6.0.0.tgz. Extracting by manifest.
599 silly tarball no local data for cors@https://registry.npmjs.org/cors/-/cors-2.8.6.tgz. Extracting by manifest.
600 silly tarball no local data for cookie-signature@https://registry.npmjs.org/cookie-signature/-/cookie-signature-1.2.2.tgz. Extracting by manifest.
601 silly tarball no local data for data-urls@https://registry.npmjs.org/data-urls/-/data-urls-7.0.0.tgz. Extracting by manifest.
602 silly tarball no local data for cookie@https://registry.npmjs.org/cookie/-/cookie-0.7.2.tgz. Extracting by manifest.
603 silly tarball no local data for css-what@https://registry.npmjs.org/css-what/-/css-what-7.0.0.tgz. Extracting by manifest.
604 silly tarball no local data for content-type@https://registry.npmjs.org/content-type/-/content-type-1.0.5.tgz. Extracting by manifest.
605 silly tarball no local data for convert-source-map@https://registry.npmjs.org/convert-source-map/-/convert-source-map-1.9.0.tgz. Extracting by manifest.
606 silly tarball no local data for cli-spinners@https://registry.npmjs.org/cli-spinners/-/cli-spinners-3.4.0.tgz. Extracting by manifest.
607 silly tarball no local data for cli-truncate@https://registry.npmjs.org/cli-truncate/-/cli-truncate-6.1.1.tgz. Extracting by manifest.
608 silly tarball no local data for cliui@https://registry.npmjs.org/cliui/-/cliui-9.0.1.tgz. Extracting by manifest.
609 silly tarball no local data for content-disposition@https://registry.npmjs.org/content-disposition/-/content-disposition-1.1.0.tgz. Extracting by manifest.
610 silly tarball no local data for cli-width@https://registry.npmjs.org/cli-width/-/cli-width-4.1.0.tgz. Extracting by manifest.
611 silly tarball no local data for cli-cursor@https://registry.npmjs.org/cli-cursor/-/cli-cursor-5.0.0.tgz. Extracting by manifest.
612 silly tarball no local data for chai@https://registry.npmjs.org/chai/-/chai-6.2.2.tgz. Extracting by manifest.
613 silly tarball no local data for chalk@https://registry.npmjs.org/chalk/-/chalk-5.6.2.tgz. Extracting by manifest.
614 silly tarball no local data for chokidar@https://registry.npmjs.org/chokidar/-/chokidar-5.0.0.tgz. Extracting by manifest.
615 silly tarball no local data for chardet@https://registry.npmjs.org/chardet/-/chardet-2.2.0.tgz. Extracting by manifest.
616 silly tarball no local data for call-bound@https://registry.npmjs.org/call-bound/-/call-bound-1.0.4.tgz. Extracting by manifest.
617 silly tarball no local data for bytes@https://registry.npmjs.org/bytes/-/bytes-3.1.2.tgz. Extracting by manifest.
618 silly tarball no local data for call-bind-apply-helpers@https://registry.npmjs.org/call-bind-apply-helpers/-/call-bind-apply-helpers-1.0.2.tgz. Extracting by manifest.
619 silly tarball no local data for caniuse-lite@https://registry.npmjs.org/caniuse-lite/-/caniuse-lite-1.0.30001810.tgz. Extracting by manifest.
620 silly tarball no local data for buffer-from@https://registry.npmjs.org/buffer-from/-/buffer-from-1.1.2.tgz. Extracting by manifest.
621 silly tarball no local data for boolbase@https://registry.npmjs.org/boolbase/-/boolbase-1.0.0.tgz. Extracting by manifest.
622 silly tarball no local data for beasties@https://registry.npmjs.org/beasties/-/beasties-0.4.3.tgz. Extracting by manifest.
623 silly tarball no local data for body-parser@https://registry.npmjs.org/body-parser/-/body-parser-2.3.0.tgz. Extracting by manifest.
624 silly tarball no local data for baseline-browser-mapping@https://registry.npmjs.org/baseline-browser-mapping/-/baseline-browser-mapping-2.11.21.tgz. Extracting by manifest.
625 silly tarball no local data for bidi-js@https://registry.npmjs.org/bidi-js/-/bidi-js-1.0.3.tgz. Extracting by manifest.
626 silly tarball no local data for ansi-styles@https://registry.npmjs.org/ansi-styles/-/ansi-styles-6.2.3.tgz. Extracting by manifest.
627 silly tarball no local data for browserslist@https://registry.npmjs.org/browserslist/-/browserslist-4.28.8.tgz. Extracting by manifest.
628 silly tarball no local data for assertion-error@https://registry.npmjs.org/assertion-error/-/assertion-error-2.0.1.tgz. Extracting by manifest.
629 silly tarball no local data for ansi-regex@https://registry.npmjs.org/ansi-regex/-/ansi-regex-6.3.0.tgz. Extracting by manifest.
630 silly tarball no local data for @vitest/utils@https://registry.npmjs.org/@vitest/utils/-/utils-4.1.11.tgz. Extracting by manifest.
631 silly tarball no local data for ajv@https://registry.npmjs.org/ajv/-/ajv-8.20.0.tgz. Extracting by manifest.
632 silly tarball no local data for ansi-escapes@https://registry.npmjs.org/ansi-escapes/-/ansi-escapes-7.3.0.tgz. Extracting by manifest.
633 silly tarball no local data for @vitest/snapshot@https://registry.npmjs.org/@vitest/snapshot/-/snapshot-4.1.11.tgz. Extracting by manifest.
634 silly tarball no local data for agent-base@https://registry.npmjs.org/agent-base/-/agent-base-9.0.0.tgz. Extracting by manifest.
635 silly tarball no local data for accepts@https://registry.npmjs.org/accepts/-/accepts-2.0.0.tgz. Extracting by manifest.
636 silly tarball no local data for @vitest/spy@https://registry.npmjs.org/@vitest/spy/-/spy-4.1.11.tgz. Extracting by manifest.
637 silly tarball no local data for @vitest/pretty-format@https://registry.npmjs.org/@vitest/pretty-format/-/pretty-format-4.1.11.tgz. Extracting by manifest.
638 silly tarball no local data for @vitest/mocker@https://registry.npmjs.org/@vitest/mocker/-/mocker-4.1.11.tgz. Extracting by manifest.
639 silly tarball no local data for @vitejs/plugin-basic-ssl@https://registry.npmjs.org/@vitejs/plugin-basic-ssl/-/plugin-basic-ssl-2.3.0.tgz. Extracting by manifest.
640 silly tarball no local data for @types/gensync@https://registry.npmjs.org/@types/gensync/-/gensync-1.0.5.tgz. Extracting by manifest.
641 silly tarball no local data for ajv-formats@https://registry.npmjs.org/ajv-formats/-/ajv-formats-3.0.1.tgz. Extracting by manifest.
642 silly tarball no local data for @vitest/expect@https://registry.npmjs.org/@vitest/expect/-/expect-4.1.11.tgz. Extracting by manifest.
643 silly tarball no local data for @standard-schema/spec@https://registry.npmjs.org/@standard-schema/spec/-/spec-1.1.0.tgz. Extracting by manifest.
644 silly tarball no local data for @types/jsesc@https://registry.npmjs.org/@types/jsesc/-/jsesc-2.5.1.tgz. Extracting by manifest.
645 silly tarball no local data for @schematics/angular@https://registry.npmjs.org/@schematics/angular/-/angular-22.1.7.tgz. Extracting by manifest.
646 silly tarball no local data for @vitest/runner@https://registry.npmjs.org/@vitest/runner/-/runner-4.1.11.tgz. Extracting by manifest.
647 silly tarball no local data for @types/chai@https://registry.npmjs.org/@types/chai/-/chai-5.2.3.tgz. Extracting by manifest.
648 silly tarball no local data for @oxc-project/types@https://registry.npmjs.org/@oxc-project/types/-/types-0.142.0.tgz. Extracting by manifest.
649 silly tarball no local data for @types/deep-eql@https://registry.npmjs.org/@types/deep-eql/-/deep-eql-4.0.2.tgz. Extracting by manifest.
650 silly tarball no local data for @types/estree@https://registry.npmjs.org/@types/estree/-/estree-1.0.9.tgz. Extracting by manifest.
651 silly tarball no local data for @rolldown/binding-win32-x64-msvc@https://registry.npmjs.org/@rolldown/binding-win32-x64-msvc/-/binding-win32-x64-msvc-1.2.0.tgz. Extracting by manifest.
652 silly tarball no local data for @parcel/watcher@https://registry.npmjs.org/@parcel/watcher/-/watcher-2.6.0.tgz. Extracting by manifest.
653 silly tarball no local data for @rolldown/pluginutils@https://registry.npmjs.org/@rolldown/pluginutils/-/pluginutils-1.0.1.tgz. Extracting by manifest.
654 silly tarball no local data for @msgpackr-extract/msgpackr-extract-win32-x64@https://registry.npmjs.org/@msgpackr-extract/msgpackr-extract-win32-x64/-/msgpackr-extract-win32-x64-3.0.4.tgz. Extracting by manifest.
655 silly tarball no local data for @oxc-parser/binding-win32-x64-msvc@https://registry.npmjs.org/@oxc-parser/binding-win32-x64-msvc/-/binding-win32-x64-msvc-0.142.0.tgz. Extracting by manifest.
656 silly tarball no local data for @parcel/watcher-win32-x64@https://registry.npmjs.org/@parcel/watcher-win32-x64/-/watcher-win32-x64-2.6.0.tgz. Extracting by manifest.
657 silly tarball no local data for @modelcontextprotocol/sdk@https://registry.npmjs.org/@modelcontextprotocol/sdk/-/sdk-1.30.0.tgz. Extracting by manifest.
658 silly tarball no local data for @napi-rs/nice-win32-x64-msvc@https://registry.npmjs.org/@napi-rs/nice-win32-x64-msvc/-/nice-win32-x64-msvc-1.1.1.tgz. Extracting by manifest.
659 silly tarball no local data for @listr2/prompt-adapter-inquirer@https://registry.npmjs.org/@listr2/prompt-adapter-inquirer/-/prompt-adapter-inquirer-4.2.5.tgz. Extracting by manifest.
660 silly tarball no local data for @jridgewell/sourcemap-codec@https://registry.npmjs.org/@jridgewell/sourcemap-codec/-/sourcemap-codec-1.6.0.tgz. Extracting by manifest.
661 silly tarball no local data for @lmdb/lmdb-win32-x64@https://registry.npmjs.org/@lmdb/lmdb-win32-x64/-/lmdb-win32-x64-3.5.6.tgz. Extracting by manifest.
662 silly tarball no local data for @inquirer/type@https://registry.npmjs.org/@inquirer/type/-/type-4.1.1.tgz. Extracting by manifest.
663 silly tarball no local data for @napi-rs/nice@https://registry.npmjs.org/@napi-rs/nice/-/nice-1.1.1.tgz. Extracting by manifest.
664 silly tarball no local data for @jridgewell/trace-mapping@https://registry.npmjs.org/@jridgewell/trace-mapping/-/trace-mapping-0.3.31.tgz. Extracting by manifest.
665 silly tarball no local data for @jridgewell/resolve-uri@https://registry.npmjs.org/@jridgewell/resolve-uri/-/resolve-uri-3.1.2.tgz. Extracting by manifest.
666 silly tarball no local data for @inquirer/select@https://registry.npmjs.org/@inquirer/select/-/select-5.2.4.tgz. Extracting by manifest.
667 silly tarball no local data for @jridgewell/gen-mapping@https://registry.npmjs.org/@jridgewell/gen-mapping/-/gen-mapping-0.3.13.tgz. Extracting by manifest.
668 silly tarball no local data for @inquirer/rawlist@https://registry.npmjs.org/@inquirer/rawlist/-/rawlist-5.3.4.tgz. Extracting by manifest.
669 silly tarball no local data for @inquirer/search@https://registry.npmjs.org/@inquirer/search/-/search-4.3.2.tgz. Extracting by manifest.
670 silly tarball no local data for @inquirer/prompts@https://registry.npmjs.org/@inquirer/prompts/-/prompts-8.5.2.tgz. Extracting by manifest.
671 silly tarball no local data for @inquirer/number@https://registry.npmjs.org/@inquirer/number/-/number-4.2.2.tgz. Extracting by manifest.
672 silly tarball no local data for @inquirer/input@https://registry.npmjs.org/@inquirer/input/-/input-5.1.5.tgz. Extracting by manifest.
673 silly tarball no local data for @inquirer/figures@https://registry.npmjs.org/@inquirer/figures/-/figures-2.0.9.tgz. Extracting by manifest.
674 silly tarball no local data for @inquirer/password@https://registry.npmjs.org/@inquirer/password/-/password-5.2.1.tgz. Extracting by manifest.
675 silly tarball no local data for @inquirer/external-editor@https://registry.npmjs.org/@inquirer/external-editor/-/external-editor-3.0.5.tgz. Extracting by manifest.
676 silly tarball no local data for @inquirer/editor@https://registry.npmjs.org/@inquirer/editor/-/editor-5.3.2.tgz. Extracting by manifest.
677 silly tarball no local data for @inquirer/expand@https://registry.npmjs.org/@inquirer/expand/-/expand-5.1.4.tgz. Extracting by manifest.
678 silly tarball no local data for @hono/node-server@https://registry.npmjs.org/@hono/node-server/-/node-server-2.1.1.tgz. Extracting by manifest.
679 silly tarball no local data for @harperfast/extended-iterable@https://registry.npmjs.org/@harperfast/extended-iterable/-/extended-iterable-1.0.3.tgz. Extracting by manifest.
680 silly tarball no local data for @inquirer/core@https://registry.npmjs.org/@inquirer/core/-/core-11.2.1.tgz. Extracting by manifest.
681 silly tarball no local data for @inquirer/ansi@https://registry.npmjs.org/@inquirer/ansi/-/ansi-2.0.8.tgz. Extracting by manifest.
682 silly tarball no local data for @inquirer/confirm@https://registry.npmjs.org/@inquirer/confirm/-/confirm-6.1.1.tgz. Extracting by manifest.
683 silly tarball no local data for @exodus/bytes@https://registry.npmjs.org/@exodus/bytes/-/bytes-1.15.1.tgz. Extracting by manifest.
684 silly tarball no local data for @esbuild/win32-x64@https://registry.npmjs.org/@esbuild/win32-x64/-/win32-x64-0.28.2.tgz. Extracting by manifest.
685 silly tarball no local data for @csstools/css-tokenizer@https://registry.npmjs.org/@csstools/css-tokenizer/-/css-tokenizer-4.0.0.tgz. Extracting by manifest.
686 silly tarball no local data for @inquirer/checkbox@https://registry.npmjs.org/@inquirer/checkbox/-/checkbox-5.2.4.tgz. Extracting by manifest.
687 silly tarball no local data for @csstools/css-color-parser@https://registry.npmjs.org/@csstools/css-color-parser/-/css-color-parser-4.2.2.tgz. Extracting by manifest.
688 silly tarball no local data for @csstools/css-parser-algorithms@https://registry.npmjs.org/@csstools/css-parser-algorithms/-/css-parser-algorithms-4.0.0.tgz. Extracting by manifest.
689 silly tarball no local data for @csstools/css-syntax-patches-for-csstree@https://registry.npmjs.org/@csstools/css-syntax-patches-for-csstree/-/css-syntax-patches-for-csstree-1.1.12.tgz. Extracting by manifest.
690 silly tarball no local data for @csstools/color-helpers@https://registry.npmjs.org/@csstools/color-helpers/-/color-helpers-6.1.1.tgz. Extracting by manifest.
691 silly tarball no local data for @csstools/css-calc@https://registry.npmjs.org/@csstools/css-calc/-/css-calc-3.3.0.tgz. Extracting by manifest.
692 silly tarball no local data for @bramus/specificity@https://registry.npmjs.org/@bramus/specificity/-/specificity-2.4.2.tgz. Extracting by manifest.
693 silly tarball no local data for @babel/types@https://registry.npmjs.org/@babel/types/-/types-8.0.4.tgz. Extracting by manifest.
694 silly tarball no local data for @babel/traverse@https://registry.npmjs.org/@babel/traverse/-/traverse-8.0.4.tgz. Extracting by manifest.
695 silly tarball no local data for @babel/template@https://registry.npmjs.org/@babel/template/-/template-8.0.0.tgz. Extracting by manifest.
696 silly tarball no local data for @babel/parser@https://registry.npmjs.org/@babel/parser/-/parser-8.0.4.tgz. Extracting by manifest.
697 silly tarball no local data for @babel/helpers@https://registry.npmjs.org/@babel/helpers/-/helpers-8.0.0.tgz. Extracting by manifest.
698 silly tarball no local data for @babel/helper-string-parser@https://registry.npmjs.org/@babel/helper-string-parser/-/helper-string-parser-8.0.0.tgz. Extracting by manifest.
699 silly tarball no local data for @babel/helper-globals@https://registry.npmjs.org/@babel/helper-globals/-/helper-globals-8.0.0.tgz. Extracting by manifest.
700 silly tarball no local data for @babel/helper-validator-identifier@https://registry.npmjs.org/@babel/helper-validator-identifier/-/helper-validator-identifier-8.0.4.tgz. Extracting by manifest.
701 silly tarball no local data for @babel/helper-split-export-declaration@https://registry.npmjs.org/@babel/helper-split-export-declaration/-/helper-split-export-declaration-7.24.7.tgz. Extracting by manifest.
702 silly tarball no local data for @babel/helper-annotate-as-pure@https://registry.npmjs.org/@babel/helper-annotate-as-pure/-/helper-annotate-as-pure-8.0.0.tgz. Extracting by manifest.
703 silly tarball no local data for @babel/core@https://registry.npmjs.org/@babel/core/-/core-8.0.1.tgz. Extracting by manifest.
704 silly tarball no local data for @babel/helper-compilation-targets@https://registry.npmjs.org/@babel/helper-compilation-targets/-/helper-compilation-targets-8.0.0.tgz. Extracting by manifest.
705 silly tarball no local data for @babel/helper-validator-option@https://registry.npmjs.org/@babel/helper-validator-option/-/helper-validator-option-8.0.0.tgz. Extracting by manifest.
706 silly tarball no local data for @babel/code-frame@https://registry.npmjs.org/@babel/code-frame/-/code-frame-8.0.0.tgz. Extracting by manifest.
707 silly tarball no local data for @babel/generator@https://registry.npmjs.org/@babel/generator/-/generator-8.0.0.tgz. Extracting by manifest.
708 silly tarball no local data for @babel/compat-data@https://registry.npmjs.org/@babel/compat-data/-/compat-data-8.0.0.tgz. Extracting by manifest.
709 silly tarball no local data for @asamuzakjp/nwsapi@https://registry.npmjs.org/@asamuzakjp/nwsapi/-/nwsapi-2.3.9.tgz. Extracting by manifest.
710 silly tarball no local data for @asamuzakjp/css-color@https://registry.npmjs.org/@asamuzakjp/css-color/-/css-color-5.1.11.tgz. Extracting by manifest.
711 silly tarball no local data for @angular/forms@https://registry.npmjs.org/@angular/forms/-/forms-22.1.5.tgz. Extracting by manifest.
712 silly tarball no local data for @asamuzakjp/dom-selector@https://registry.npmjs.org/@asamuzakjp/dom-selector/-/dom-selector-6.8.1.tgz. Extracting by manifest.
713 silly tarball no local data for @angular/router@https://registry.npmjs.org/@angular/router/-/router-22.1.5.tgz. Extracting by manifest.
714 silly tarball no local data for @angular/platform-browser@https://registry.npmjs.org/@angular/platform-browser/-/platform-browser-22.1.5.tgz. Extracting by manifest.
715 silly tarball no local data for @angular/core@https://registry.npmjs.org/@angular/core/-/core-22.1.5.tgz. Extracting by manifest.
716 silly tarball no local data for @angular-devkit/schematics@https://registry.npmjs.org/@angular-devkit/schematics/-/schematics-22.1.7.tgz. Extracting by manifest.
717 silly tarball no local data for @angular/compiler@https://registry.npmjs.org/@angular/compiler/-/compiler-22.1.5.tgz. Extracting by manifest.
718 silly tarball no local data for @angular/common@https://registry.npmjs.org/@angular/common/-/common-22.1.5.tgz. Extracting by manifest.
719 silly tarball no local data for @angular/compiler-cli@https://registry.npmjs.org/@angular/compiler-cli/-/compiler-cli-22.1.5.tgz. Extracting by manifest.
720 silly tarball no local data for @ampproject/remapping@https://registry.npmjs.org/@ampproject/remapping/-/remapping-2.3.0.tgz. Extracting by manifest.
721 silly tarball no local data for @acemir/cssom@https://registry.npmjs.org/@acemir/cssom/-/cssom-0.9.31.tgz. Extracting by manifest.
722 silly tarball no local data for magic-string@https://registry.npmjs.org/magic-string/-/magic-string-0.30.21.tgz. Extracting by manifest.
723 silly tarball no local data for rolldown@https://registry.npmjs.org/rolldown/-/rolldown-1.1.5.tgz. Extracting by manifest.
724 silly tarball no local data for @angular/build@https://registry.npmjs.org/@angular/build/-/build-22.1.7.tgz. Extracting by manifest.
725 silly tarball no local data for @angular/cli@https://registry.npmjs.org/@angular/cli/-/cli-22.1.7.tgz. Extracting by manifest.
726 silly tarball no local data for @angular-devkit/architect@https://registry.npmjs.org/@angular-devkit/architect/-/architect-0.2201.7.tgz. Extracting by manifest.
727 silly tarball no local data for @rolldown/binding-win32-x64-msvc@https://registry.npmjs.org/@rolldown/binding-win32-x64-msvc/-/binding-win32-x64-msvc-1.1.5.tgz. Extracting by manifest.
728 silly tarball no local data for source-map@https://registry.npmjs.org/source-map/-/source-map-0.6.1.tgz. Extracting by manifest.
729 silly tarball no local data for @oxc-project/types@https://registry.npmjs.org/@oxc-project/types/-/types-0.139.0.tgz. Extracting by manifest.
730 silly tarball no local data for content-type@https://registry.npmjs.org/content-type/-/content-type-2.1.0.tgz. Extracting by manifest.
731 silly tarball no local data for @oxc-project/types@https://registry.npmjs.org/@oxc-project/types/-/types-0.140.0.tgz. Extracting by manifest.
732 silly tarball no local data for @angular-devkit/core@https://registry.npmjs.org/@angular-devkit/core/-/core-22.1.7.tgz. Extracting by manifest.
733 silly tarball no local data for content-type@https://registry.npmjs.org/content-type/-/content-type-2.1.0.tgz. Extracting by manifest.
734 silly tarball no local data for entities@https://registry.npmjs.org/entities/-/entities-8.0.0.tgz. Extracting by manifest.
735 silly tarball no local data for https-proxy-agent@https://registry.npmjs.org/https-proxy-agent/-/https-proxy-agent-7.0.6.tgz. Extracting by manifest.
736 silly tarball no local data for agent-base@https://registry.npmjs.org/agent-base/-/agent-base-7.1.4.tgz. Extracting by manifest.
737 silly tarball no local data for entities@https://registry.npmjs.org/entities/-/entities-7.0.1.tgz. Extracting by manifest.
738 silly tarball no local data for agent-base@https://registry.npmjs.org/agent-base/-/agent-base-7.1.4.tgz. Extracting by manifest.
739 silly tarball no local data for entities@https://registry.npmjs.org/entities/-/entities-8.0.0.tgz. Extracting by manifest.
740 silly tarball no local data for content-type@https://registry.npmjs.org/content-type/-/content-type-2.1.0.tgz. Extracting by manifest.
741 silly tarball no local data for string-width@https://registry.npmjs.org/string-width/-/string-width-7.2.0.tgz. Extracting by manifest.
742 silly tarball no local data for convert-source-map@https://registry.npmjs.org/convert-source-map/-/convert-source-map-2.0.0.tgz. Extracting by manifest.
743 silly tarball no local data for magic-string@https://registry.npmjs.org/magic-string/-/magic-string-0.30.21.tgz. Extracting by manifest.
744 silly tarball no local data for node-addon-api@https://registry.npmjs.org/node-addon-api/-/node-addon-api-7.1.1.tgz. Extracting by manifest.
745 silly tarball no local data for @inquirer/core@https://registry.npmjs.org/@inquirer/core/-/core-12.0.2.tgz. Extracting by manifest.
746 silly tarball no local data for magic-string@https://registry.npmjs.org/magic-string/-/magic-string-0.30.21.tgz. Extracting by manifest.
747 silly tarball no local data for @inquirer/core@https://registry.npmjs.org/@inquirer/core/-/core-12.0.2.tgz. Extracting by manifest.
748 silly tarball no local data for @inquirer/core@https://registry.npmjs.org/@inquirer/core/-/core-12.0.2.tgz. Extracting by manifest.
749 silly tarball no local data for @inquirer/core@https://registry.npmjs.org/@inquirer/core/-/core-12.0.2.tgz. Extracting by manifest.
750 silly tarball no local data for wrap-ansi@https://registry.npmjs.org/wrap-ansi/-/wrap-ansi-9.0.2.tgz. Extracting by manifest.
751 silly tarball no local data for @inquirer/core@https://registry.npmjs.org/@inquirer/core/-/core-12.0.2.tgz. Extracting by manifest.
752 silly tarball no local data for @inquirer/core@https://registry.npmjs.org/@inquirer/core/-/core-12.0.2.tgz. Extracting by manifest.
753 silly tarball no local data for @inquirer/core@https://registry.npmjs.org/@inquirer/core/-/core-12.0.2.tgz. Extracting by manifest.
754 silly tarball no local data for @inquirer/core@https://registry.npmjs.org/@inquirer/core/-/core-12.0.2.tgz. Extracting by manifest.
755 silly tarball no local data for @inquirer/core@https://registry.npmjs.org/@inquirer/core/-/core-12.0.2.tgz. Extracting by manifest.
756 silly tarball no local data for @asamuzakjp/generational-cache@https://registry.npmjs.org/@asamuzakjp/generational-cache/-/generational-cache-1.0.1.tgz. Extracting by manifest.
757 silly tarball no local data for @babel/types@https://registry.npmjs.org/@babel/types/-/types-7.29.8.tgz. Extracting by manifest.
758 silly tarball no local data for convert-source-map@https://registry.npmjs.org/convert-source-map/-/convert-source-map-2.0.0.tgz. Extracting by manifest.
759 verbose reify failed optional dependency D:\web2\Learn agudar\learn Agudar\BTVN-main\node_modules\weak-lru-cache
760 silly reify mark deleted [
760 silly reify   'D:\\web2\\Learn agudar\\learn Agudar\\BTVN-main\\node_modules\\weak-lru-cache'
760 silly reify ]
761 verbose reify failed optional dependency D:\web2\Learn agudar\learn Agudar\BTVN-main\node_modules\lmdb
762 silly reify mark deleted [
762 silly reify   'D:\\web2\\Learn agudar\\learn Agudar\\BTVN-main\\node_modules\\lmdb',
762 silly reify   'D:\\web2\\Learn agudar\\learn Agudar\\BTVN-main\\node_modules\\.bin\\download-lmdb-prebuilds',
762 silly reify   'D:\\web2\\Learn agudar\\learn Agudar\\BTVN-main\\node_modules\\.bin\\download-lmdb-prebuilds.cmd',
762 silly reify   'D:\\web2\\Learn agudar\\learn Agudar\\BTVN-main\\node_modules\\.bin\\download-lmdb-prebuilds.ps1'
762 silly reify ]
763 verbose reify failed optional dependency D:\web2\Learn agudar\learn Agudar\BTVN-main\node_modules\@harperfast\extended-iterable
764 silly reify mark deleted [
764 silly reify   'D:\\web2\\Learn agudar\\learn Agudar\\BTVN-main\\node_modules\\@harperfast\\extended-iterable'
764 silly reify ]
765 verbose reify failed optional dependency D:\web2\Learn agudar\learn Agudar\BTVN-main\node_modules\msgpackr
766 silly reify mark deleted [
766 silly reify   'D:\\web2\\Learn agudar\\learn Agudar\\BTVN-main\\node_modules\\msgpackr'
766 silly reify ]
767 verbose reify failed optional dependency D:\web2\Learn agudar\learn Agudar\BTVN-main\node_modules\node-addon-api
768 silly reify mark deleted [
768 silly reify   'D:\\web2\\Learn agudar\\learn Agudar\\BTVN-main\\node_modules\\node-addon-api'
768 silly reify ]
769 verbose reify failed optional dependency D:\web2\Learn agudar\learn Agudar\BTVN-main\node_modules\node-gyp-build-optional-packages
770 silly reify mark deleted [
770 silly reify   'D:\\web2\\Learn agudar\\learn Agudar\\BTVN-main\\node_modules\\node-gyp-build-optional-packages',
770 silly reify   'D:\\web2\\Learn agudar\\learn Agudar\\BTVN-main\\node_modules\\.bin\\node-gyp-build-optional-packages',
770 silly reify   'D:\\web2\\Learn agudar\\learn Agudar\\BTVN-main\\node_modules\\.bin\\node-gyp-build-optional-packages.cmd',
770 silly reify   'D:\\web2\\Learn agudar\\learn Agudar\\BTVN-main\\node_modules\\.bin\\node-gyp-build-optional-packages.ps1',
770 silly reify   'D:\\web2\\Learn agudar\\learn Agudar\\BTVN-main\\node_modules\\.bin\\node-gyp-build-optional-packages-optional',
770 silly reify   'D:\\web2\\Learn agudar\\learn Agudar\\BTVN-main\\node_modules\\.bin\\node-gyp-build-optional-packages-optional.cmd',
770 silly reify   'D:\\web2\\Learn agudar\\learn Agudar\\BTVN-main\\node_modules\\.bin\\node-gyp-build-optional-packages-optional.ps1',
770 silly reify   'D:\\web2\\Learn agudar\\learn Agudar\\BTVN-main\\node_modules\\.bin\\node-gyp-build-optional-packages-test',
770 silly reify   'D:\\web2\\Learn agudar\\learn Agudar\\BTVN-main\\node_modules\\.bin\\node-gyp-build-optional-packages-test.cmd',
770 silly reify   'D:\\web2\\Learn agudar\\learn Agudar\\BTVN-main\\node_modules\\.bin\\node-gyp-build-optional-packages-test.ps1'
770 silly reify ]
771 verbose reify failed optional dependency D:\web2\Learn agudar\learn Agudar\BTVN-main\node_modules\ordered-binary
772 silly reify mark deleted [
772 silly reify   'D:\\web2\\Learn agudar\\learn Agudar\\BTVN-main\\node_modules\\ordered-binary'
772 silly reify ]
773 verbose reify failed optional dependency D:\web2\Learn agudar\learn Agudar\BTVN-main\node_modules\@lmdb\lmdb-darwin-arm64
774 silly reify mark deleted [
774 silly reify   'D:\\web2\\Learn agudar\\learn Agudar\\BTVN-main\\node_modules\\@lmdb\\lmdb-darwin-arm64'
774 silly reify ]
775 verbose reify failed optional dependency D:\web2\Learn agudar\learn Agudar\BTVN-main\node_modules\@lmdb\lmdb-darwin-x64
776 silly reify mark deleted [
776 silly reify   'D:\\web2\\Learn agudar\\learn Agudar\\BTVN-main\\node_modules\\@lmdb\\lmdb-darwin-x64'
776 silly reify ]
777 verbose reify failed optional dependency D:\web2\Learn agudar\learn Agudar\BTVN-main\node_modules\@lmdb\lmdb-linux-arm
778 silly reify mark deleted [
778 silly reify   'D:\\web2\\Learn agudar\\learn Agudar\\BTVN-main\\node_modules\\@lmdb\\lmdb-linux-arm'
778 silly reify ]
779 verbose reify failed optional dependency D:\web2\Learn agudar\learn Agudar\BTVN-main\node_modules\@lmdb\lmdb-linux-arm64
780 silly reify mark deleted [
780 silly reify   'D:\\web2\\Learn agudar\\learn Agudar\\BTVN-main\\node_modules\\@lmdb\\lmdb-linux-arm64'
780 silly reify ]
781 verbose reify failed optional dependency D:\web2\Learn agudar\learn Agudar\BTVN-main\node_modules\@lmdb\lmdb-linux-x64
782 silly reify mark deleted [
782 silly reify   'D:\\web2\\Learn agudar\\learn Agudar\\BTVN-main\\node_modules\\@lmdb\\lmdb-linux-x64'
782 silly reify ]
783 verbose reify failed optional dependency D:\web2\Learn agudar\learn Agudar\BTVN-main\node_modules\@lmdb\lmdb-win32-arm64
784 silly reify mark deleted [
784 silly reify   'D:\\web2\\Learn agudar\\learn Agudar\\BTVN-main\\node_modules\\@lmdb\\lmdb-win32-arm64'
784 silly reify ]
785 verbose reify failed optional dependency D:\web2\Learn agudar\learn Agudar\BTVN-main\node_modules\@lmdb\lmdb-win32-x64
786 silly reify mark deleted [
786 silly reify   'D:\\web2\\Learn agudar\\learn Agudar\\BTVN-main\\node_modules\\@lmdb\\lmdb-win32-x64'
786 silly reify ]
787 verbose reify failed optional dependency D:\web2\Learn agudar\learn Agudar\BTVN-main\node_modules\msgpackr-extract
788 silly reify mark deleted [
788 silly reify   'D:\\web2\\Learn agudar\\learn Agudar\\BTVN-main\\node_modules\\msgpackr-extract',
788 silly reify   'D:\\web2\\Learn agudar\\learn Agudar\\BTVN-main\\node_modules\\.bin\\download-msgpackr-prebuilds',
788 silly reify   'D:\\web2\\Learn agudar\\learn Agudar\\BTVN-main\\node_modules\\.bin\\download-msgpackr-prebuilds.cmd',
788 silly reify   'D:\\web2\\Learn agudar\\learn Agudar\\BTVN-main\\node_modules\\.bin\\download-msgpackr-prebuilds.ps1'
788 silly reify ]
789 verbose reify failed optional dependency D:\web2\Learn agudar\learn Agudar\BTVN-main\node_modules\@msgpackr-extract\msgpackr-extract-darwin-arm64
790 silly reify mark deleted [
790 silly reify   'D:\\web2\\Learn agudar\\learn Agudar\\BTVN-main\\node_modules\\@msgpackr-extract\\msgpackr-extract-darwin-arm64'
790 silly reify ]
791 verbose reify failed optional dependency D:\web2\Learn agudar\learn Agudar\BTVN-main\node_modules\@msgpackr-extract\msgpackr-extract-darwin-x64
792 silly reify mark deleted [
792 silly reify   'D:\\web2\\Learn agudar\\learn Agudar\\BTVN-main\\node_modules\\@msgpackr-extract\\msgpackr-extract-darwin-x64'
792 silly reify ]
793 verbose reify failed optional dependency D:\web2\Learn agudar\learn Agudar\BTVN-main\node_modules\@msgpackr-extract\msgpackr-extract-linux-arm
794 silly reify mark deleted [
794 silly reify   'D:\\web2\\Learn agudar\\learn Agudar\\BTVN-main\\node_modules\\@msgpackr-extract\\msgpackr-extract-linux-arm'
794 silly reify ]
795 verbose reify failed optional dependency D:\web2\Learn agudar\learn Agudar\BTVN-main\node_modules\@msgpackr-extract\msgpackr-extract-linux-arm64
796 silly reify mark deleted [
796 silly reify   'D:\\web2\\Learn agudar\\learn Agudar\\BTVN-main\\node_modules\\@msgpackr-extract\\msgpackr-extract-linux-arm64'
796 silly reify ]
797 verbose reify failed optional dependency D:\web2\Learn agudar\learn Agudar\BTVN-main\node_modules\@msgpackr-extract\msgpackr-extract-linux-x64
798 silly reify mark deleted [
798 silly reify   'D:\\web2\\Learn agudar\\learn Agudar\\BTVN-main\\node_modules\\@msgpackr-extract\\msgpackr-extract-linux-x64'
798 silly reify ]
799 verbose reify failed optional dependency D:\web2\Learn agudar\learn Agudar\BTVN-main\node_modules\@msgpackr-extract\msgpackr-extract-win32-x64
800 silly reify mark deleted [
800 silly reify   'D:\\web2\\Learn agudar\\learn Agudar\\BTVN-main\\node_modules\\@msgpackr-extract\\msgpackr-extract-win32-x64'
800 silly reify ]
801 silly tarball no local data for @babel/helper-string-parser@https://registry.npmjs.org/@babel/helper-string-parser/-/helper-string-parser-7.29.7.tgz. Extracting by manifest.
802 silly tarball no local data for @babel/helper-validator-identifier@https://registry.npmjs.org/@babel/helper-validator-identifier/-/helper-validator-identifier-7.29.7.tgz. Extracting by manifest.
803 verbose reify failed optional dependency D:\web2\Learn agudar\learn Agudar\BTVN-main\node_modules\ordered-binary
804 silly reify mark deleted [
804 silly reify   'D:\\web2\\Learn agudar\\learn Agudar\\BTVN-main\\node_modules\\ordered-binary'
804 silly reify ]
805 verbose reify failed optional dependency D:\web2\Learn agudar\learn Agudar\BTVN-main\node_modules\lmdb
806 silly reify mark deleted [
806 silly reify   'D:\\web2\\Learn agudar\\learn Agudar\\BTVN-main\\node_modules\\lmdb',
806 silly reify   'D:\\web2\\Learn agudar\\learn Agudar\\BTVN-main\\node_modules\\.bin\\download-lmdb-prebuilds',
806 silly reify   'D:\\web2\\Learn agudar\\learn Agudar\\BTVN-main\\node_modules\\.bin\\download-lmdb-prebuilds.cmd',
806 silly reify   'D:\\web2\\Learn agudar\\learn Agudar\\BTVN-main\\node_modules\\.bin\\download-lmdb-prebuilds.ps1'
806 silly reify ]
807 verbose reify failed optional dependency D:\web2\Learn agudar\learn Agudar\BTVN-main\node_modules\node-gyp-build-optional-packages
808 silly reify mark deleted [
808 silly reify   'D:\\web2\\Learn agudar\\learn Agudar\\BTVN-main\\node_modules\\node-gyp-build-optional-packages',
808 silly reify   'D:\\web2\\Learn agudar\\learn Agudar\\BTVN-main\\node_modules\\.bin\\node-gyp-build-optional-packages',
808 silly reify   'D:\\web2\\Learn agudar\\learn Agudar\\BTVN-main\\node_modules\\.bin\\node-gyp-build-optional-packages.cmd',
808 silly reify   'D:\\web2\\Learn agudar\\learn Agudar\\BTVN-main\\node_modules\\.bin\\node-gyp-build-optional-packages.ps1',
808 silly reify   'D:\\web2\\Learn agudar\\learn Agudar\\BTVN-main\\node_modules\\.bin\\node-gyp-build-optional-packages-optional',
808 silly reify   'D:\\web2\\Learn agudar\\learn Agudar\\BTVN-main\\node_modules\\.bin\\node-gyp-build-optional-packages-optional.cmd',
808 silly reify   'D:\\web2\\Learn agudar\\learn Agudar\\BTVN-main\\node_modules\\.bin\\node-gyp-build-optional-packages-optional.ps1',
808 silly reify   'D:\\web2\\Learn agudar\\learn Agudar\\BTVN-main\\node_modules\\.bin\\node-gyp-build-optional-packages-test',
808 silly reify   'D:\\web2\\Learn agudar\\learn Agudar\\BTVN-main\\node_modules\\.bin\\node-gyp-build-optional-packages-test.cmd',
808 silly reify   'D:\\web2\\Learn agudar\\learn Agudar\\BTVN-main\\node_modules\\.bin\\node-gyp-build-optional-packages-test.ps1'
808 silly reify ]
809 verbose reify failed optional dependency D:\web2\Learn agudar\learn Agudar\BTVN-main\node_modules\lmdb
810 silly reify mark deleted [
810 silly reify   'D:\\web2\\Learn agudar\\learn Agudar\\BTVN-main\\node_modules\\lmdb',
810 silly reify   'D:\\web2\\Learn agudar\\learn Agudar\\BTVN-main\\node_modules\\.bin\\download-lmdb-prebuilds',
810 silly reify   'D:\\web2\\Learn agudar\\learn Agudar\\BTVN-main\\node_modules\\.bin\\download-lmdb-prebuilds.cmd',
810 silly reify   'D:\\web2\\Learn agudar\\learn Agudar\\BTVN-main\\node_modules\\.bin\\download-lmdb-prebuilds.ps1'
810 silly reify ]
811 verbose reify failed optional dependency D:\web2\Learn agudar\learn Agudar\BTVN-main\node_modules\msgpackr-extract
812 silly reify mark deleted [
812 silly reify   'D:\\web2\\Learn agudar\\learn Agudar\\BTVN-main\\node_modules\\msgpackr-extract',
812 silly reify   'D:\\web2\\Learn agudar\\learn Agudar\\BTVN-main\\node_modules\\.bin\\download-msgpackr-prebuilds',
812 silly reify   'D:\\web2\\Learn agudar\\learn Agudar\\BTVN-main\\node_modules\\.bin\\download-msgpackr-prebuilds.cmd',
812 silly reify   'D:\\web2\\Learn agudar\\learn Agudar\\BTVN-main\\node_modules\\.bin\\download-msgpackr-prebuilds.ps1'
812 silly reify ]
813 verbose reify failed optional dependency D:\web2\Learn agudar\learn Agudar\BTVN-main\node_modules\node-addon-api
814 silly reify mark deleted [
814 silly reify   'D:\\web2\\Learn agudar\\learn Agudar\\BTVN-main\\node_modules\\node-addon-api'
814 silly reify ]
815 verbose reify failed optional dependency D:\web2\Learn agudar\learn Agudar\BTVN-main\node_modules\lmdb
816 silly reify mark deleted [
816 silly reify   'D:\\web2\\Learn agudar\\learn Agudar\\BTVN-main\\node_modules\\lmdb',
816 silly reify   'D:\\web2\\Learn agudar\\learn Agudar\\BTVN-main\\node_modules\\.bin\\download-lmdb-prebuilds',
816 silly reify   'D:\\web2\\Learn agudar\\learn Agudar\\BTVN-main\\node_modules\\.bin\\download-lmdb-prebuilds.cmd',
816 silly reify   'D:\\web2\\Learn agudar\\learn Agudar\\BTVN-main\\node_modules\\.bin\\download-lmdb-prebuilds.ps1'
816 silly reify ]
817 verbose reify failed optional dependency D:\web2\Learn agudar\learn Agudar\BTVN-main\node_modules\msgpackr
818 silly reify mark deleted [
818 silly reify   'D:\\web2\\Learn agudar\\learn Agudar\\BTVN-main\\node_modules\\msgpackr'
818 silly reify ]
819 verbose reify failed optional dependency D:\web2\Learn agudar\learn Agudar\BTVN-main\node_modules\lmdb
820 silly reify mark deleted [
820 silly reify   'D:\\web2\\Learn agudar\\learn Agudar\\BTVN-main\\node_modules\\lmdb',
820 silly reify   'D:\\web2\\Learn agudar\\learn Agudar\\BTVN-main\\node_modules\\.bin\\download-lmdb-prebuilds',
820 silly reify   'D:\\web2\\Learn agudar\\learn Agudar\\BTVN-main\\node_modules\\.bin\\download-lmdb-prebuilds.cmd',
820 silly reify   'D:\\web2\\Learn agudar\\learn Agudar\\BTVN-main\\node_modules\\.bin\\download-lmdb-prebuilds.ps1'
820 silly reify ]
821 verbose reify failed optional dependency D:\web2\Learn agudar\learn Agudar\BTVN-main\node_modules\msgpackr-extract
822 silly reify mark deleted [
822 silly reify   'D:\\web2\\Learn agudar\\learn Agudar\\BTVN-main\\node_modules\\msgpackr-extract',
822 silly reify   'D:\\web2\\Learn agudar\\learn Agudar\\BTVN-main\\node_modules\\.bin\\download-msgpackr-prebuilds',
822 silly reify   'D:\\web2\\Learn agudar\\learn Agudar\\BTVN-main\\node_modules\\.bin\\download-msgpackr-prebuilds.cmd',
822 silly reify   'D:\\web2\\Learn agudar\\learn Agudar\\BTVN-main\\node_modules\\.bin\\download-msgpackr-prebuilds.ps1'
822 silly reify ]
823 verbose reify failed optional dependency D:\web2\Learn agudar\learn Agudar\BTVN-main\node_modules\lmdb
824 silly reify mark deleted [
824 silly reify   'D:\\web2\\Learn agudar\\learn Agudar\\BTVN-main\\node_modules\\lmdb',
824 silly reify   'D:\\web2\\Learn agudar\\learn Agudar\\BTVN-main\\node_modules\\.bin\\download-lmdb-prebuilds',
824 silly reify   'D:\\web2\\Learn agudar\\learn Agudar\\BTVN-main\\node_modules\\.bin\\download-lmdb-prebuilds.cmd',
824 silly reify   'D:\\web2\\Learn agudar\\learn Agudar\\BTVN-main\\node_modules\\.bin\\download-lmdb-prebuilds.ps1'
824 silly reify ]
825 verbose reify failed optional dependency D:\web2\Learn agudar\learn Agudar\BTVN-main\node_modules\lightningcss-win32-x64-msvc
826 silly reify mark deleted [
826 silly reify   'D:\\web2\\Learn agudar\\learn Agudar\\BTVN-main\\node_modules\\lightningcss-win32-x64-msvc'
826 silly reify ]
827 verbose reify failed optional dependency D:\web2\Learn agudar\learn Agudar\BTVN-main\node_modules\is-extglob
828 silly reify mark deleted [
828 silly reify   'D:\\web2\\Learn agudar\\learn Agudar\\BTVN-main\\node_modules\\is-extglob'
828 silly reify ]
829 verbose reify failed optional dependency D:\web2\Learn agudar\learn Agudar\BTVN-main\node_modules\is-glob
830 silly reify mark deleted [
830 silly reify   'D:\\web2\\Learn agudar\\learn Agudar\\BTVN-main\\node_modules\\is-glob'
830 silly reify ]
831 verbose reify failed optional dependency D:\web2\Learn agudar\learn Agudar\BTVN-main\node_modules\@parcel\watcher
832 silly reify mark deleted [
832 silly reify   'D:\\web2\\Learn agudar\\learn Agudar\\BTVN-main\\node_modules\\@parcel\\watcher'
832 silly reify ]
833 verbose reify failed optional dependency D:\web2\Learn agudar\learn Agudar\BTVN-main\node_modules\@parcel\watcher\node_modules\node-addon-api
834 silly reify mark deleted [
834 silly reify   'D:\\web2\\Learn agudar\\learn Agudar\\BTVN-main\\node_modules\\@parcel\\watcher\\node_modules\\node-addon-api'
834 silly reify ]
835 verbose reify failed optional dependency D:\web2\Learn agudar\learn Agudar\BTVN-main\node_modules\@parcel\watcher-android-arm64
836 silly reify mark deleted [
836 silly reify   'D:\\web2\\Learn agudar\\learn Agudar\\BTVN-main\\node_modules\\@parcel\\watcher-android-arm64'
836 silly reify ]
837 verbose reify failed optional dependency D:\web2\Learn agudar\learn Agudar\BTVN-main\node_modules\@parcel\watcher-darwin-arm64
838 silly reify mark deleted [
838 silly reify   'D:\\web2\\Learn agudar\\learn Agudar\\BTVN-main\\node_modules\\@parcel\\watcher-darwin-arm64'
838 silly reify ]
839 verbose reify failed optional dependency D:\web2\Learn agudar\learn Agudar\BTVN-main\node_modules\@parcel\watcher-darwin-x64
840 silly reify mark deleted [
840 silly reify   'D:\\web2\\Learn agudar\\learn Agudar\\BTVN-main\\node_modules\\@parcel\\watcher-darwin-x64'
840 silly reify ]
841 verbose reify failed optional dependency D:\web2\Learn agudar\learn Agudar\BTVN-main\node_modules\@parcel\watcher-freebsd-x64
842 silly reify mark deleted [
842 silly reify   'D:\\web2\\Learn agudar\\learn Agudar\\BTVN-main\\node_modules\\@parcel\\watcher-freebsd-x64'
842 silly reify ]
843 verbose reify failed optional dependency D:\web2\Learn agudar\learn Agudar\BTVN-main\node_modules\@parcel\watcher-linux-arm-glibc
844 silly reify mark deleted [
844 silly reify   'D:\\web2\\Learn agudar\\learn Agudar\\BTVN-main\\node_modules\\@parcel\\watcher-linux-arm-glibc'
844 silly reify ]
845 verbose reify failed optional dependency D:\web2\Learn agudar\learn Agudar\BTVN-main\node_modules\@parcel\watcher-linux-arm-musl
846 silly reify mark deleted [
846 silly reify   'D:\\web2\\Learn agudar\\learn Agudar\\BTVN-main\\node_modules\\@parcel\\watcher-linux-arm-musl'
846 silly reify ]
847 verbose reify failed optional dependency D:\web2\Learn agudar\learn Agudar\BTVN-main\node_modules\@parcel\watcher-linux-arm64-glibc
848 silly reify mark deleted [
848 silly reify   'D:\\web2\\Learn agudar\\learn Agudar\\BTVN-main\\node_modules\\@parcel\\watcher-linux-arm64-glibc'
848 silly reify ]
849 verbose reify failed optional dependency D:\web2\Learn agudar\learn Agudar\BTVN-main\node_modules\@parcel\watcher-linux-arm64-musl
850 silly reify mark deleted [
850 silly reify   'D:\\web2\\Learn agudar\\learn Agudar\\BTVN-main\\node_modules\\@parcel\\watcher-linux-arm64-musl'
850 silly reify ]
851 verbose reify failed optional dependency D:\web2\Learn agudar\learn Agudar\BTVN-main\node_modules\@parcel\watcher-linux-x64-glibc
852 silly reify mark deleted [
852 silly reify   'D:\\web2\\Learn agudar\\learn Agudar\\BTVN-main\\node_modules\\@parcel\\watcher-linux-x64-glibc'
852 silly reify ]
853 verbose reify failed optional dependency D:\web2\Learn agudar\learn Agudar\BTVN-main\node_modules\@parcel\watcher-linux-x64-musl
854 silly reify mark deleted [
854 silly reify   'D:\\web2\\Learn agudar\\learn Agudar\\BTVN-main\\node_modules\\@parcel\\watcher-linux-x64-musl'
854 silly reify ]
855 verbose reify failed optional dependency D:\web2\Learn agudar\learn Agudar\BTVN-main\node_modules\@parcel\watcher-win32-arm64
856 silly reify mark deleted [
856 silly reify   'D:\\web2\\Learn agudar\\learn Agudar\\BTVN-main\\node_modules\\@parcel\\watcher-win32-arm64'
856 silly reify ]
857 verbose reify failed optional dependency D:\web2\Learn agudar\learn Agudar\BTVN-main\node_modules\@parcel\watcher-win32-x64
858 silly reify mark deleted [
858 silly reify   'D:\\web2\\Learn agudar\\learn Agudar\\BTVN-main\\node_modules\\@parcel\\watcher-win32-x64'
858 silly reify ]
859 verbose reify failed optional dependency D:\web2\Learn agudar\learn Agudar\BTVN-main\node_modules\is-glob
860 silly reify mark deleted [
860 silly reify   'D:\\web2\\Learn agudar\\learn Agudar\\BTVN-main\\node_modules\\is-glob'
860 silly reify ]
861 verbose reify failed optional dependency D:\web2\Learn agudar\learn Agudar\BTVN-main\node_modules\@parcel\watcher
862 silly reify mark deleted [
862 silly reify   'D:\\web2\\Learn agudar\\learn Agudar\\BTVN-main\\node_modules\\@parcel\\watcher'
862 silly reify ]
863 verbose reify failed optional dependency D:\web2\Learn agudar\learn Agudar\BTVN-main\node_modules\@rolldown\binding-win32-x64-msvc
864 silly reify mark deleted [
864 silly reify   'D:\\web2\\Learn agudar\\learn Agudar\\BTVN-main\\node_modules\\@rolldown\\binding-win32-x64-msvc'
864 silly reify ]
865 verbose reify failed optional dependency D:\web2\Learn agudar\learn Agudar\BTVN-main\node_modules\@parcel\watcher
866 silly reify mark deleted [
866 silly reify   'D:\\web2\\Learn agudar\\learn Agudar\\BTVN-main\\node_modules\\@parcel\\watcher'
866 silly reify ]
867 verbose reify failed optional dependency D:\web2\Learn agudar\learn Agudar\BTVN-main\node_modules\@msgpackr-extract\msgpackr-extract-win32-x64
868 silly reify mark deleted [
868 silly reify   'D:\\web2\\Learn agudar\\learn Agudar\\BTVN-main\\node_modules\\@msgpackr-extract\\msgpackr-extract-win32-x64'
868 silly reify ]
869 verbose reify failed optional dependency D:\web2\Learn agudar\learn Agudar\BTVN-main\node_modules\@oxc-parser\binding-win32-x64-msvc
870 silly reify mark deleted [
870 silly reify   'D:\\web2\\Learn agudar\\learn Agudar\\BTVN-main\\node_modules\\@oxc-parser\\binding-win32-x64-msvc'
870 silly reify ]
871 verbose reify failed optional dependency D:\web2\Learn agudar\learn Agudar\BTVN-main\node_modules\@parcel\watcher-win32-x64
872 silly reify mark deleted [
872 silly reify   'D:\\web2\\Learn agudar\\learn Agudar\\BTVN-main\\node_modules\\@parcel\\watcher-win32-x64'
872 silly reify ]
873 verbose reify failed optional dependency D:\web2\Learn agudar\learn Agudar\BTVN-main\node_modules\@napi-rs\nice-win32-x64-msvc
874 silly reify mark deleted [
874 silly reify   'D:\\web2\\Learn agudar\\learn Agudar\\BTVN-main\\node_modules\\@napi-rs\\nice-win32-x64-msvc'
874 silly reify ]
875 verbose reify failed optional dependency D:\web2\Learn agudar\learn Agudar\BTVN-main\node_modules\@lmdb\lmdb-win32-x64
876 silly reify mark deleted [
876 silly reify   'D:\\web2\\Learn agudar\\learn Agudar\\BTVN-main\\node_modules\\@lmdb\\lmdb-win32-x64'
876 silly reify ]
877 verbose reify failed optional dependency D:\web2\Learn agudar\learn Agudar\BTVN-main\node_modules\@napi-rs\nice
878 silly reify mark deleted [
878 silly reify   'D:\\web2\\Learn agudar\\learn Agudar\\BTVN-main\\node_modules\\@napi-rs\\nice'
878 silly reify ]
879 verbose reify failed optional dependency D:\web2\Learn agudar\learn Agudar\BTVN-main\node_modules\@napi-rs\nice-android-arm-eabi
880 silly reify mark deleted [
880 silly reify   'D:\\web2\\Learn agudar\\learn Agudar\\BTVN-main\\node_modules\\@napi-rs\\nice-android-arm-eabi'
880 silly reify ]
881 verbose reify failed optional dependency D:\web2\Learn agudar\learn Agudar\BTVN-main\node_modules\@napi-rs\nice-android-arm64
882 silly reify mark deleted [
882 silly reify   'D:\\web2\\Learn agudar\\learn Agudar\\BTVN-main\\node_modules\\@napi-rs\\nice-android-arm64'
882 silly reify ]
883 verbose reify failed optional dependency D:\web2\Learn agudar\learn Agudar\BTVN-main\node_modules\@napi-rs\nice-darwin-arm64
884 silly reify mark deleted [
884 silly reify   'D:\\web2\\Learn agudar\\learn Agudar\\BTVN-main\\node_modules\\@napi-rs\\nice-darwin-arm64'
884 silly reify ]
885 verbose reify failed optional dependency D:\web2\Learn agudar\learn Agudar\BTVN-main\node_modules\@napi-rs\nice-darwin-x64
886 silly reify mark deleted [
886 silly reify   'D:\\web2\\Learn agudar\\learn Agudar\\BTVN-main\\node_modules\\@napi-rs\\nice-darwin-x64'
886 silly reify ]
887 verbose reify failed optional dependency D:\web2\Learn agudar\learn Agudar\BTVN-main\node_modules\@napi-rs\nice-freebsd-x64
888 silly reify mark deleted [
888 silly reify   'D:\\web2\\Learn agudar\\learn Agudar\\BTVN-main\\node_modules\\@napi-rs\\nice-freebsd-x64'
888 silly reify ]
889 verbose reify failed optional dependency D:\web2\Learn agudar\learn Agudar\BTVN-main\node_modules\@napi-rs\nice-linux-arm-gnueabihf
890 silly reify mark deleted [
890 silly reify   'D:\\web2\\Learn agudar\\learn Agudar\\BTVN-main\\node_modules\\@napi-rs\\nice-linux-arm-gnueabihf'
890 silly reify ]
891 verbose reify failed optional dependency D:\web2\Learn agudar\learn Agudar\BTVN-main\node_modules\@napi-rs\nice-linux-arm64-gnu
892 silly reify mark deleted [
892 silly reify   'D:\\web2\\Learn agudar\\learn Agudar\\BTVN-main\\node_modules\\@napi-rs\\nice-linux-arm64-gnu'
892 silly reify ]
893 verbose reify failed optional dependency D:\web2\Learn agudar\learn Agudar\BTVN-main\node_modules\@napi-rs\nice-linux-arm64-musl
894 silly reify mark deleted [
894 silly reify   'D:\\web2\\Learn agudar\\learn Agudar\\BTVN-main\\node_modules\\@napi-rs\\nice-linux-arm64-musl'
894 silly reify ]
895 verbose reify failed optional dependency D:\web2\Learn agudar\learn Agudar\BTVN-main\node_modules\@napi-rs\nice-linux-ppc64-gnu
896 silly reify mark deleted [
896 silly reify   'D:\\web2\\Learn agudar\\learn Agudar\\BTVN-main\\node_modules\\@napi-rs\\nice-linux-ppc64-gnu'
896 silly reify ]
897 verbose reify failed optional dependency D:\web2\Learn agudar\learn Agudar\BTVN-main\node_modules\@napi-rs\nice-linux-riscv64-gnu
898 silly reify mark deleted [
898 silly reify   'D:\\web2\\Learn agudar\\learn Agudar\\BTVN-main\\node_modules\\@napi-rs\\nice-linux-riscv64-gnu'
898 silly reify ]
899 verbose reify failed optional dependency D:\web2\Learn agudar\learn Agudar\BTVN-main\node_modules\@napi-rs\nice-linux-s390x-gnu
900 silly reify mark deleted [
900 silly reify   'D:\\web2\\Learn agudar\\learn Agudar\\BTVN-main\\node_modules\\@napi-rs\\nice-linux-s390x-gnu'
900 silly reify ]
901 verbose reify failed optional dependency D:\web2\Learn agudar\learn Agudar\BTVN-main\node_modules\@napi-rs\nice-linux-x64-gnu
902 silly reify mark deleted [
902 silly reify   'D:\\web2\\Learn agudar\\learn Agudar\\BTVN-main\\node_modules\\@napi-rs\\nice-linux-x64-gnu'
902 silly reify ]
903 verbose reify failed optional dependency D:\web2\Learn agudar\learn Agudar\BTVN-main\node_modules\@napi-rs\nice-linux-x64-musl
904 silly reify mark deleted [
904 silly reify   'D:\\web2\\Learn agudar\\learn Agudar\\BTVN-main\\node_modules\\@napi-rs\\nice-linux-x64-musl'
904 silly reify ]
905 verbose reify failed optional dependency D:\web2\Learn agudar\learn Agudar\BTVN-main\node_modules\@napi-rs\nice-openharmony-arm64
906 silly reify mark deleted [
906 silly reify   'D:\\web2\\Learn agudar\\learn Agudar\\BTVN-main\\node_modules\\@napi-rs\\nice-openharmony-arm64'
906 silly reify ]
907 verbose reify failed optional dependency D:\web2\Learn agudar\learn Agudar\BTVN-main\node_modules\@napi-rs\nice-win32-arm64-msvc
908 silly reify mark deleted [
908 silly reify   'D:\\web2\\Learn agudar\\learn Agudar\\BTVN-main\\node_modules\\@napi-rs\\nice-win32-arm64-msvc'
908 silly reify ]
909 verbose reify failed optional dependency D:\web2\Learn agudar\learn Agudar\BTVN-main\node_modules\@napi-rs\nice-win32-ia32-msvc
910 silly reify mark deleted [
910 silly reify   'D:\\web2\\Learn agudar\\learn Agudar\\BTVN-main\\node_modules\\@napi-rs\\nice-win32-ia32-msvc'
910 silly reify ]
911 verbose reify failed optional dependency D:\web2\Learn agudar\learn Agudar\BTVN-main\node_modules\@napi-rs\nice-win32-x64-msvc
912 silly reify mark deleted [
912 silly reify   'D:\\web2\\Learn agudar\\learn Agudar\\BTVN-main\\node_modules\\@napi-rs\\nice-win32-x64-msvc'
912 silly reify ]
913 verbose reify failed optional dependency D:\web2\Learn agudar\learn Agudar\BTVN-main\node_modules\@harperfast\extended-iterable
914 silly reify mark deleted [
914 silly reify   'D:\\web2\\Learn agudar\\learn Agudar\\BTVN-main\\node_modules\\@harperfast\\extended-iterable'
914 silly reify ]
915 verbose reify failed optional dependency D:\web2\Learn agudar\learn Agudar\BTVN-main\node_modules\lmdb
916 silly reify mark deleted [
916 silly reify   'D:\\web2\\Learn agudar\\learn Agudar\\BTVN-main\\node_modules\\lmdb',
916 silly reify   'D:\\web2\\Learn agudar\\learn Agudar\\BTVN-main\\node_modules\\.bin\\download-lmdb-prebuilds',
916 silly reify   'D:\\web2\\Learn agudar\\learn Agudar\\BTVN-main\\node_modules\\.bin\\download-lmdb-prebuilds.cmd',
916 silly reify   'D:\\web2\\Learn agudar\\learn Agudar\\BTVN-main\\node_modules\\.bin\\download-lmdb-prebuilds.ps1'
916 silly reify ]
917 verbose reify failed optional dependency D:\web2\Learn agudar\learn Agudar\BTVN-main\node_modules\@esbuild\win32-x64
918 silly reify mark deleted [
918 silly reify   'D:\\web2\\Learn agudar\\learn Agudar\\BTVN-main\\node_modules\\@esbuild\\win32-x64'
918 silly reify ]
919 verbose reify failed optional dependency D:\web2\Learn agudar\learn Agudar\BTVN-main\node_modules\vite\node_modules\@rolldown\binding-win32-x64-msvc
920 silly reify mark deleted [
920 silly reify   'D:\\web2\\Learn agudar\\learn Agudar\\BTVN-main\\node_modules\\vite\\node_modules\\@rolldown\\binding-win32-x64-msvc'
920 silly reify ]
921 verbose reify failed optional dependency D:\web2\Learn agudar\learn Agudar\BTVN-main\node_modules\@parcel\watcher\node_modules\node-addon-api
922 silly reify mark deleted [
922 silly reify   'D:\\web2\\Learn agudar\\learn Agudar\\BTVN-main\\node_modules\\@parcel\\watcher\\node_modules\\node-addon-api'
922 silly reify ]
923 verbose reify failed optional dependency D:\web2\Learn agudar\learn Agudar\BTVN-main\node_modules\@parcel\watcher
924 silly reify mark deleted [
924 silly reify   'D:\\web2\\Learn agudar\\learn Agudar\\BTVN-main\\node_modules\\@parcel\\watcher'
924 silly reify ]
925 warn cleanup Failed to remove some directories [
925 warn cleanup   [
925 warn cleanup     '\\\\?\\D:\\web2\\Learn agudar\\learn Agudar\\BTVN-main\\node_modules',
925 warn cleanup     [Error: EPERM: operation not permitted, rmdir 'D:\web2\Learn agudar\learn Agudar\BTVN-main\node_modules\@inquirer\editor'] {
925 warn cleanup       errno: -4048,
925 warn cleanup       code: 'EPERM',
925 warn cleanup       syscall: 'rmdir',
925 warn cleanup       path: 'D:\\web2\\Learn agudar\\learn Agudar\\BTVN-main\\node_modules\\@inquirer\\editor'
925 warn cleanup     }
925 warn cleanup   ],
925 warn cleanup   [
925 warn cleanup     '\\\\?\\D:\\web2\\Learn agudar\\learn Agudar\\BTVN-main\\node_modules\\@inquirer',
925 warn cleanup     [Error: EPERM: operation not permitted, rmdir 'D:\web2\Learn agudar\learn Agudar\BTVN-main\node_modules\@inquirer\input'] {
925 warn cleanup       errno: -4048,
925 warn cleanup       code: 'EPERM',
925 warn cleanup       syscall: 'rmdir',
925 warn cleanup       path: 'D:\\web2\\Learn agudar\\learn Agudar\\BTVN-main\\node_modules\\@inquirer\\input'
925 warn cleanup     }
925 warn cleanup   ]
925 warn cleanup ]
926 verbose stack Error: request to https://registry.npmjs.org/zod-to-json-schema/-/zod-to-json-schema-3.25.2.tgz failed: cache mode is 'only-if-cached' but no cached response is available.
926 verbose stack     at cacheFetch (C:\Program Files\node_modules\npm\node_modules\make-fetch-happen\lib\cache\index.js:12:13)
926 verbose stack     at async fetch (C:\Program Files\node_modules\npm\node_modules\make-fetch-happen\lib\fetch.js:98:7)
927 error code ENOTCACHED
928 error request to https://registry.npmjs.org/zod-to-json-schema/-/zod-to-json-schema-3.25.2.tgz failed: cache mode is 'only-if-cached' but no cached response is available.
929 silly unfinished npm timer reify 1790251894079
930 silly unfinished npm timer reify:unpack 1790251894354
931 silly unfinished npm timer reifyNode:node_modules/zod-to-json-schema 1790251894355
932 silly unfinished npm timer reifyNode:node_modules/zod 1790251894355
933 silly unfinished npm timer reifyNode:node_modules/yoctocolors 1790251894355
934 silly unfinished npm timer reifyNode:node_modules/yargs-parser 1790251894355
935 silly unfinished npm timer reifyNode:node_modules/yargs 1790251894355
936 silly unfinished npm timer reifyNode:node_modules/y18n 1790251894355
937 silly unfinished npm timer reifyNode:node_modules/xmlchars 1790251894355
938 silly unfinished npm timer reifyNode:node_modules/xml-name-validator 1790251894355
939 silly unfinished npm timer reifyNode:node_modules/wrappy 1790251894355
940 silly unfinished npm timer reifyNode:node_modules/wrap-ansi 1790251894355
941 silly unfinished npm timer reifyNode:node_modules/why-is-node-running 1790251894355
942 silly unfinished npm timer reifyNode:node_modules/which 1790251894355
943 silly unfinished npm timer reifyNode:node_modules/whatwg-url 1790251894355
944 silly unfinished npm timer reifyNode:node_modules/whatwg-mimetype 1790251894355
945 silly unfinished npm timer reifyNode:node_modules/webidl-conversions 1790251894355
946 silly unfinished npm timer reifyNode:node_modules/watchpack 1790251894355
947 silly unfinished npm timer reifyNode:node_modules/w3c-xmlserializer 1790251894355
948 silly unfinished npm timer reifyNode:node_modules/vitest 1790251894355
949 silly unfinished npm timer reifyNode:node_modules/vitest/node_modules/magic-string 1790251894355
950 silly unfinished npm timer reifyNode:node_modules/vite 1790251894355
951 silly unfinished npm timer reifyNode:node_modules/vite/node_modules/rolldown 1790251894355
952 silly unfinished npm timer reifyNode:node_modules/vite/node_modules/@oxc-project/types 1790251894355
953 silly unfinished npm timer reifyNode:node_modules/vary 1790251894355
954 silly unfinished npm timer reifyNode:node_modules/validate-npm-package-name 1790251894355
955 silly unfinished npm timer reifyNode:node_modules/update-browserslist-db 1790251894356
956 silly unfinished npm timer reifyNode:node_modules/unpipe 1790251894356
957 silly unfinished npm timer reifyNode:node_modules/undici 1790251894356
958 silly unfinished npm timer reifyNode:node_modules/typescript 1790251894356
959 silly unfinished npm timer reifyNode:node_modules/type-is 1790251894356
960 silly unfinished npm timer reifyNode:node_modules/type-is/node_modules/content-type 1790251894356
961 silly unfinished npm timer reifyNode:node_modules/tslib 1790251894356
962 silly unfinished npm timer reifyNode:node_modules/tr46 1790251894356
963 silly unfinished npm timer reifyNode:node_modules/tough-cookie 1790251894356
964 silly unfinished npm timer reifyNode:node_modules/toidentifier 1790251894356
965 silly unfinished npm timer reifyNode:node_modules/tldts-core 1790251894356
966 silly unfinished npm timer reifyNode:node_modules/tldts 1790251894356
967 silly unfinished npm timer reifyNode:node_modules/tinyrainbow 1790251894356
968 silly unfinished npm timer reifyNode:node_modules/tinyglobby 1790251894356
969 silly unfinished npm timer reifyNode:node_modules/tinyexec 1790251894356
970 silly unfinished npm timer reifyNode:node_modules/tinybench 1790251894356
971 silly unfinished npm timer reifyNode:node_modules/symbol-tree 1790251894356
972 silly unfinished npm timer reifyNode:node_modules/strip-ansi 1790251894356
973 silly unfinished npm timer reifyNode:node_modules/string-width 1790251894356
974 silly unfinished npm timer reifyNode:node_modules/stdin-discarder 1790251894356
975 silly unfinished npm timer reifyNode:node_modules/std-env 1790251894356
976 silly unfinished npm timer reifyNode:node_modules/statuses 1790251894356
977 silly unfinished npm timer reifyNode:node_modules/stackback 1790251894356
978 silly unfinished npm timer reifyNode:node_modules/source-map-support 1790251894356
979 silly unfinished npm timer reifyNode:node_modules/source-map-support/node_modules/source-map 1790251894356
980 silly unfinished npm timer reifyNode:node_modules/source-map-js 1790251894356
981 silly unfinished npm timer reifyNode:node_modules/source-map 1790251894356
982 silly unfinished npm timer reifyNode:node_modules/slice-ansi 1790251894356
983 silly unfinished npm timer reifyNode:node_modules/signal-exit 1790251894356
984 silly unfinished npm timer reifyNode:node_modules/siginfo 1790251894356
985 silly unfinished npm timer reifyNode:node_modules/side-channel-weakmap 1790251894356
986 silly unfinished npm timer reifyNode:node_modules/side-channel-map 1790251894356
987 silly unfinished npm timer reifyNode:node_modules/side-channel-list 1790251894356
988 silly unfinished npm timer reifyNode:node_modules/side-channel 1790251894356
989 silly unfinished npm timer reifyNode:node_modules/shebang-regex 1790251894356
990 silly unfinished npm timer reifyNode:node_modules/shebang-command 1790251894356
991 silly unfinished npm timer reifyNode:node_modules/setprototypeof 1790251894356
992 silly unfinished npm timer reifyNode:node_modules/serve-static 1790251894356
993 silly unfinished npm timer reifyNode:node_modules/send 1790251894356
994 silly unfinished npm timer reifyNode:node_modules/semver 1790251894356
995 silly unfinished npm timer reifyNode:node_modules/saxes 1790251894356
996 silly unfinished npm timer reifyNode:node_modules/sass 1790251894356
997 silly unfinished npm timer reifyNode:node_modules/safer-buffer 1790251894356
998 silly unfinished npm timer reifyNode:node_modules/rxjs 1790251894356
999 silly unfinished npm timer reifyNode:node_modules/router 1790251894356
1000 silly unfinished npm timer reifyNode:node_modules/rolldown 1790251894356
1001 silly unfinished npm timer reifyNode:node_modules/rolldown/node_modules/@oxc-project/types 1790251894356
1002 silly unfinished npm timer reifyNode:node_modules/restore-cursor 1790251894356
1003 silly unfinished npm timer reifyNode:node_modules/require-from-string 1790251894356
1004 silly unfinished npm timer reifyNode:node_modules/reflect-metadata 1790251894356
1005 silly unfinished npm timer reifyNode:node_modules/readdirp 1790251894356
1006 silly unfinished npm timer reifyNode:node_modules/raw-body 1790251894356
1007 silly unfinished npm timer reifyNode:node_modules/range-parser 1790251894356
1008 silly unfinished npm timer reifyNode:node_modules/qs 1790251894356
1009 silly unfinished npm timer reifyNode:node_modules/punycode 1790251894356
1010 silly unfinished npm timer reifyNode:node_modules/proxy-agent-negotiate 1790251894356
1011 silly unfinished npm timer reifyNode:node_modules/proxy-addr 1790251894356
1012 silly unfinished npm timer reifyNode:node_modules/proc-log 1790251894356
1013 silly unfinished npm timer reifyNode:node_modules/prettier 1790251894356
1014 silly unfinished npm timer reifyNode:node_modules/postcss-safe-parser 1790251894356
1015 silly unfinished npm timer reifyNode:node_modules/postcss-media-query-parser 1790251894356
1016 silly unfinished npm timer reifyNode:node_modules/postcss 1790251894356
1017 silly unfinished npm timer reifyNode:node_modules/pkce-challenge 1790251894356
1018 silly unfinished npm timer reifyNode:node_modules/piscina 1790251894356
1019 silly unfinished npm timer reifyNode:node_modules/picomatch 1790251894356
1020 silly unfinished npm timer reifyNode:node_modules/picocolors 1790251894356
1021 silly unfinished npm timer reifyNode:node_modules/pathe 1790251894356
1022 silly unfinished npm timer reifyNode:node_modules/path-to-regexp 1790251894356
1023 silly unfinished npm timer reifyNode:node_modules/path-key 1790251894356
1024 silly unfinished npm timer reifyNode:node_modules/parseurl 1790251894356
1025 silly unfinished npm timer reifyNode:node_modules/parse5-sax-parser 1790251894356
1026 silly unfinished npm timer reifyNode:node_modules/parse5-html-rewriting-stream 1790251894356
1027 silly unfinished npm timer reifyNode:node_modules/parse5-html-rewriting-stream/node_modules/entities 1790251894356
1028 silly unfinished npm timer reifyNode:node_modules/parse5 1790251894356
1029 silly unfinished npm timer reifyNode:node_modules/parse5/node_modules/entities 1790251894356
1030 silly unfinished npm timer reifyNode:node_modules/oxc-parser 1790251894356
1031 silly unfinished npm timer reifyNode:node_modules/ora 1790251894356
1032 silly unfinished npm timer reifyNode:node_modules/onetime 1790251894356
1033 silly unfinished npm timer reifyNode:node_modules/once 1790251894356
1034 silly unfinished npm timer reifyNode:node_modules/on-finished 1790251894356
1035 silly unfinished npm timer reifyNode:node_modules/obug 1790251894356
1036 silly unfinished npm timer reifyNode:node_modules/object-inspect 1790251894356
1037 silly unfinished npm timer reifyNode:node_modules/object-assign 1790251894356
1038 silly unfinished npm timer reifyNode:node_modules/nth-check 1790251894356
1039 silly unfinished npm timer reifyNode:node_modules/npm-package-arg 1790251894356
1040 silly unfinished npm timer reifyNode:node_modules/node-releases 1790251894356
1041 silly unfinished npm timer reifyNode:node_modules/negotiator 1790251894356
1042 silly unfinished npm timer reifyNode:node_modules/negotiator/node_modules/content-type 1790251894356
1043 silly unfinished npm timer reifyNode:node_modules/nanoid 1790251894356
1044 silly unfinished npm timer reifyNode:node_modules/mute-stream 1790251894356
1045 silly unfinished npm timer reifyNode:node_modules/ms 1790251894357
1046 silly unfinished npm timer reifyNode:node_modules/mrmime 1790251894357
1047 silly unfinished npm timer reifyNode:node_modules/mimic-function 1790251894357
1048 silly unfinished npm timer reifyNode:node_modules/mime-types 1790251894357
1049 silly unfinished npm timer reifyNode:node_modules/mime-db 1790251894357
1050 silly unfinished npm timer reifyNode:node_modules/merge-descriptors 1790251894357
1051 silly unfinished npm timer reifyNode:node_modules/media-typer 1790251894357
1052 silly unfinished npm timer reifyNode:node_modules/mdn-data 1790251894357
1053 silly unfinished npm timer reifyNode:node_modules/math-intrinsics 1790251894357
1054 silly unfinished npm timer reifyNode:node_modules/magic-string 1790251894357
1055 silly unfinished npm timer reifyNode:node_modules/lru-cache 1790251894357
1056 silly unfinished npm timer reifyNode:node_modules/log-update 1790251894357
1057 silly unfinished npm timer reifyNode:node_modules/log-symbols 1790251894357
1058 silly unfinished npm timer reifyNode:node_modules/listr2 1790251894357
1059 silly unfinished npm timer reifyNode:node_modules/lightningcss 1790251894357
1060 silly unfinished npm timer reifyNode:node_modules/jsonc-parser 1790251894357
1061 silly unfinished npm timer reifyNode:node_modules/json5 1790251894357
1062 silly unfinished npm timer reifyNode:node_modules/json-schema-typed 1790251894357
1063 silly unfinished npm timer reifyNode:node_modules/json-schema-traverse 1790251894357
1064 silly unfinished npm timer reifyNode:node_modules/jsesc 1790251894357
1065 silly unfinished npm timer reifyNode:node_modules/jsdom 1790251894357
1066 silly unfinished npm timer reifyNode:node_modules/jsdom/node_modules/https-proxy-agent 1790251894357
1067 silly unfinished npm timer reifyNode:node_modules/jsdom/node_modules/agent-base 1790251894357
1068 silly unfinished npm timer reifyNode:node_modules/js-tokens 1790251894357
1069 silly unfinished npm timer reifyNode:node_modules/jose 1790251894357
1070 silly unfinished npm timer reifyNode:node_modules/isexe 1790251894357
1071 silly unfinished npm timer reifyNode:node_modules/is-unicode-supported 1790251894357
1072 silly unfinished npm timer reifyNode:node_modules/is-promise 1790251894357
1073 silly unfinished npm timer reifyNode:node_modules/is-potential-custom-element-name 1790251894357
1074 silly unfinished npm timer reifyNode:node_modules/is-interactive 1790251894357
1075 silly unfinished npm timer reifyNode:node_modules/is-fullwidth-code-point 1790251894357
1076 silly unfinished npm timer reifyNode:node_modules/ipaddr.js 1790251894357
1077 silly unfinished npm timer reifyNode:node_modules/ip-address 1790251894357
1078 silly unfinished npm timer reifyNode:node_modules/inherits 1790251894357
1079 silly unfinished npm timer reifyNode:node_modules/import-meta-resolve 1790251894357
1080 silly unfinished npm timer reifyNode:node_modules/immutable 1790251894357
1081 silly unfinished npm timer reifyNode:node_modules/iconv-lite 1790251894357
1082 silly unfinished npm timer reifyNode:node_modules/https-proxy-agent 1790251894357
1083 silly unfinished npm timer reifyNode:node_modules/http-proxy-agent 1790251894357
1084 silly unfinished npm timer reifyNode:node_modules/http-proxy-agent/node_modules/agent-base 1790251894357
1085 silly unfinished npm timer reifyNode:node_modules/http-errors 1790251894357
1086 silly unfinished npm timer reifyNode:node_modules/htmlparser2 1790251894357
1087 silly unfinished npm timer reifyNode:node_modules/htmlparser2/node_modules/entities 1790251894357
1088 silly unfinished npm timer reifyNode:node_modules/html-encoding-sniffer 1790251894357
1089 silly unfinished npm timer reifyNode:node_modules/hosted-git-info 1790251894357
1090 silly unfinished npm timer reifyNode:node_modules/hono 1790251894357
1091 silly unfinished npm timer reifyNode:node_modules/hasown 1790251894357
1092 silly unfinished npm timer reifyNode:node_modules/has-symbols 1790251894357
1093 silly unfinished npm timer reifyNode:node_modules/graceful-fs 1790251894357
1094 silly unfinished npm timer reifyNode:node_modules/gopd 1790251894357
1095 silly unfinished npm timer reifyNode:node_modules/get-proto 1790251894357
1096 silly unfinished npm timer reifyNode:node_modules/get-intrinsic 1790251894357
1097 silly unfinished npm timer reifyNode:node_modules/get-east-asian-width 1790251894357
1098 silly unfinished npm timer reifyNode:node_modules/get-caller-file 1790251894357
1099 silly unfinished npm timer reifyNode:node_modules/gensync 1790251894357
1100 silly unfinished npm timer reifyNode:node_modules/function-bind 1790251894358
1101 silly unfinished npm timer reifyNode:node_modules/fresh 1790251894358
1102 silly unfinished npm timer reifyNode:node_modules/forwarded 1790251894358
1103 silly unfinished npm timer reifyNode:node_modules/finalhandler 1790251894358
1104 silly unfinished npm timer reifyNode:node_modules/fdir 1790251894358
1105 silly unfinished npm timer reifyNode:node_modules/fast-wrap-ansi 1790251894358
1106 silly unfinished npm timer reifyNode:node_modules/fast-uri 1790251894358
1107 silly unfinished npm timer reifyNode:node_modules/fast-string-width 1790251894358
1108 silly unfinished npm timer reifyNode:node_modules/fast-string-truncated-width 1790251894358
1109 silly unfinished npm timer reifyNode:node_modules/fast-deep-equal 1790251894358
1110 silly unfinished npm timer reifyNode:node_modules/express-rate-limit 1790251894358
1111 silly unfinished npm timer reifyNode:node_modules/express 1790251894358
1112 silly unfinished npm timer reifyNode:node_modules/expect-type 1790251894358
1113 silly unfinished npm timer reifyNode:node_modules/eventsource-parser 1790251894358
1114 silly unfinished npm timer reifyNode:node_modules/eventsource 1790251894358
1115 silly unfinished npm timer reifyNode:node_modules/etag 1790251894358
1116 silly unfinished npm timer reifyNode:node_modules/estree-walker 1790251894358
1117 silly unfinished npm timer reifyNode:node_modules/escape-html 1790251894358
1118 silly unfinished npm timer reifyNode:node_modules/escalade 1790251894358
1119 silly unfinished npm timer reifyNode:node_modules/esbuild 1790251894358
1120 silly unfinished npm timer reifyNode:node_modules/es-object-atoms 1790251894358
1121 silly unfinished npm timer reifyNode:node_modules/es-module-lexer 1790251894358
1122 silly unfinished npm timer reifyNode:node_modules/es-errors 1790251894358
1123 silly unfinished npm timer reifyNode:node_modules/es-define-property 1790251894358
1124 silly unfinished npm timer reifyNode:node_modules/environment 1790251894358
1125 silly unfinished npm timer reifyNode:node_modules/entities 1790251894358
1126 silly unfinished npm timer reifyNode:node_modules/encodeurl 1790251894358
1127 silly unfinished npm timer reifyNode:node_modules/empathic 1790251894358
1128 silly unfinished npm timer reifyNode:node_modules/emoji-regex 1790251894358
1129 silly unfinished npm timer reifyNode:node_modules/electron-to-chromium 1790251894358
1130 silly unfinished npm timer reifyNode:node_modules/ee-first 1790251894358
1131 silly unfinished npm timer reifyNode:node_modules/dunder-proto 1790251894358
1132 silly unfinished npm timer reifyNode:node_modules/domutils 1790251894358
1133 silly unfinished npm timer reifyNode:node_modules/domhandler 1790251894358
1134 silly unfinished npm timer reifyNode:node_modules/domelementtype 1790251894358
1135 silly unfinished npm timer reifyNode:node_modules/dom-serializer 1790251894358
1136 silly unfinished npm timer reifyNode:node_modules/detect-libc 1790251894358
1137 silly unfinished npm timer reifyNode:node_modules/depd 1790251894358
1138 silly unfinished npm timer reifyNode:node_modules/decimal.js 1790251894358
1139 silly unfinished npm timer reifyNode:node_modules/debug 1790251894358
1140 silly unfinished npm timer reifyNode:node_modules/data-urls 1790251894358
1141 silly unfinished npm timer reifyNode:node_modules/cssstyle 1790251894358
1142 silly unfinished npm timer reifyNode:node_modules/css-what 1790251894358
1143 silly unfinished npm timer reifyNode:node_modules/css-tree 1790251894358
1144 silly unfinished npm timer reifyNode:node_modules/css-select 1790251894358
1145 silly unfinished npm timer reifyNode:node_modules/cross-spawn 1790251894358
1146 silly unfinished npm timer reifyNode:node_modules/cors 1790251894358
1147 silly unfinished npm timer reifyNode:node_modules/cookie-signature 1790251894358
1148 silly unfinished npm timer reifyNode:node_modules/cookie 1790251894358
1149 silly unfinished npm timer reifyNode:node_modules/convert-source-map 1790251894358
1150 silly unfinished npm timer reifyNode:node_modules/content-type 1790251894358
1151 silly unfinished npm timer reifyNode:node_modules/content-disposition 1790251894358
1152 silly unfinished npm timer reifyNode:node_modules/cliui 1790251894358
1153 silly unfinished npm timer reifyNode:node_modules/cliui/node_modules/wrap-ansi 1790251894358
1154 silly unfinished npm timer reifyNode:node_modules/cliui/node_modules/string-width 1790251894358
1155 silly unfinished npm timer reifyNode:node_modules/cli-width 1790251894358
1156 silly unfinished npm timer reifyNode:node_modules/cli-truncate 1790251894358
1157 silly unfinished npm timer reifyNode:node_modules/cli-spinners 1790251894358
1158 silly unfinished npm timer reifyNode:node_modules/cli-cursor 1790251894358
1159 silly unfinished npm timer reifyNode:node_modules/chokidar 1790251894358
1160 silly unfinished npm timer reifyNode:node_modules/chardet 1790251894358
1161 silly unfinished npm timer reifyNode:node_modules/chalk 1790251894358
1162 silly unfinished npm timer reifyNode:node_modules/chai 1790251894358
1163 silly unfinished npm timer reifyNode:node_modules/caniuse-lite 1790251894358
1164 silly unfinished npm timer reifyNode:node_modules/call-bound 1790251894358
1165 silly unfinished npm timer reifyNode:node_modules/call-bind-apply-helpers 1790251894358
1166 silly unfinished npm timer reifyNode:node_modules/bytes 1790251894359
1167 silly unfinished npm timer reifyNode:node_modules/buffer-from 1790251894359
1168 silly unfinished npm timer reifyNode:node_modules/browserslist 1790251894359
1169 silly unfinished npm timer reifyNode:node_modules/boolbase 1790251894359
1170 silly unfinished npm timer reifyNode:node_modules/body-parser 1790251894359
1171 silly unfinished npm timer reifyNode:node_modules/body-parser/node_modules/content-type 1790251894359
1172 silly unfinished npm timer reifyNode:node_modules/bidi-js 1790251894359
1173 silly unfinished npm timer reifyNode:node_modules/beasties 1790251894359
1174 silly unfinished npm timer reifyNode:node_modules/baseline-browser-mapping 1790251894359
1175 silly unfinished npm timer reifyNode:node_modules/assertion-error 1790251894359
1176 silly unfinished npm timer reifyNode:node_modules/ansi-styles 1790251894359
1177 silly unfinished npm timer reifyNode:node_modules/ansi-regex 1790251894359
1178 silly unfinished npm timer reifyNode:node_modules/ansi-escapes 1790251894359
1179 silly unfinished npm timer reifyNode:node_modules/ajv-formats 1790251894359
1180 silly unfinished npm timer reifyNode:node_modules/ajv 1790251894359
1181 silly unfinished npm timer reifyNode:node_modules/agent-base 1790251894359
1182 silly unfinished npm timer reifyNode:node_modules/accepts 1790251894359
1183 silly unfinished npm timer reifyNode:node_modules/@vitest/utils 1790251894359
1184 silly unfinished npm timer reifyNode:node_modules/@vitest/utils/node_modules/convert-source-map 1790251894359
1185 silly unfinished npm timer reifyNode:node_modules/@vitest/spy 1790251894359
1186 silly unfinished npm timer reifyNode:node_modules/@vitest/snapshot 1790251894359
1187 silly unfinished npm timer reifyNode:node_modules/@vitest/snapshot/node_modules/magic-string 1790251894359
1188 silly unfinished npm timer reifyNode:node_modules/@vitest/runner 1790251894359
1189 silly unfinished npm timer reifyNode:node_modules/@vitest/pretty-format 1790251894359
1190 silly unfinished npm timer reifyNode:node_modules/@vitest/mocker 1790251894359
1191 silly unfinished npm timer reifyNode:node_modules/@vitest/mocker/node_modules/magic-string 1790251894359
1192 silly unfinished npm timer reifyNode:node_modules/@vitest/expect 1790251894359
1193 silly unfinished npm timer reifyNode:node_modules/@vitejs/plugin-basic-ssl 1790251894359
1194 silly unfinished npm timer reifyNode:node_modules/@types/jsesc 1790251894359
1195 silly unfinished npm timer reifyNode:node_modules/@types/gensync 1790251894359
1196 silly unfinished npm timer reifyNode:node_modules/@types/estree 1790251894359
1197 silly unfinished npm timer reifyNode:node_modules/@types/deep-eql 1790251894359
1198 silly unfinished npm timer reifyNode:node_modules/@types/chai 1790251894359
1199 silly unfinished npm timer reifyNode:node_modules/@standard-schema/spec 1790251894359
1200 silly unfinished npm timer reifyNode:node_modules/@schematics/angular 1790251894359
1201 silly unfinished npm timer reifyNode:node_modules/@rolldown/pluginutils 1790251894359
1202 silly unfinished npm timer reifyNode:node_modules/@oxc-project/types 1790251894359
1203 silly unfinished npm timer reifyNode:node_modules/@modelcontextprotocol/sdk 1790251894359
1204 silly unfinished npm timer reifyNode:node_modules/@listr2/prompt-adapter-inquirer 1790251894359
1205 silly unfinished npm timer reifyNode:node_modules/@jridgewell/trace-mapping 1790251894359
1206 silly unfinished npm timer reifyNode:node_modules/@jridgewell/sourcemap-codec 1790251894359
1207 silly unfinished npm timer reifyNode:node_modules/@jridgewell/resolve-uri 1790251894359
1208 silly unfinished npm timer reifyNode:node_modules/@jridgewell/gen-mapping 1790251894359
1209 silly unfinished npm timer reifyNode:node_modules/@inquirer/type 1790251894359
1210 silly unfinished npm timer reifyNode:node_modules/@inquirer/select 1790251894359
1211 silly unfinished npm timer reifyNode:node_modules/@inquirer/select/node_modules/@inquirer/core 1790251894359
1212 silly unfinished npm timer reifyNode:node_modules/@inquirer/search 1790251894359
1213 silly unfinished npm timer reifyNode:node_modules/@inquirer/search/node_modules/@inquirer/core 1790251894359
1214 silly unfinished npm timer reifyNode:node_modules/@inquirer/rawlist 1790251894359
1215 silly unfinished npm timer reifyNode:node_modules/@inquirer/rawlist/node_modules/@inquirer/core 1790251894359
1216 silly unfinished npm timer reifyNode:node_modules/@inquirer/prompts 1790251894359
1217 silly unfinished npm timer reifyNode:node_modules/@inquirer/password 1790251894359
1218 silly unfinished npm timer reifyNode:node_modules/@inquirer/password/node_modules/@inquirer/core 1790251894359
1219 silly unfinished npm timer reifyNode:node_modules/@inquirer/number 1790251894359
1220 silly unfinished npm timer reifyNode:node_modules/@inquirer/number/node_modules/@inquirer/core 1790251894359
1221 silly unfinished npm timer reifyNode:node_modules/@inquirer/input 1790251894359
1222 silly unfinished npm timer reifyNode:node_modules/@inquirer/input/node_modules/@inquirer/core 1790251894359
1223 silly unfinished npm timer reifyNode:node_modules/@inquirer/figures 1790251894360
1224 silly unfinished npm timer reifyNode:node_modules/@inquirer/external-editor 1790251894360
1225 silly unfinished npm timer reifyNode:node_modules/@inquirer/expand 1790251894360
1226 silly unfinished npm timer reifyNode:node_modules/@inquirer/expand/node_modules/@inquirer/core 1790251894360
1227 silly unfinished npm timer reifyNode:node_modules/@inquirer/editor 1790251894360
1228 silly unfinished npm timer reifyNode:node_modules/@inquirer/editor/node_modules/@inquirer/core 1790251894360
1229 silly unfinished npm timer reifyNode:node_modules/@inquirer/core 1790251894360
1230 silly unfinished npm timer reifyNode:node_modules/@inquirer/confirm 1790251894360
1231 silly unfinished npm timer reifyNode:node_modules/@inquirer/checkbox 1790251894360
1232 silly unfinished npm timer reifyNode:node_modules/@inquirer/checkbox/node_modules/@inquirer/core 1790251894360
1233 silly unfinished npm timer reifyNode:node_modules/@inquirer/ansi 1790251894360
1234 silly unfinished npm timer reifyNode:node_modules/@hono/node-server 1790251894360
1235 silly unfinished npm timer reifyNode:node_modules/@exodus/bytes 1790251894360
1236 silly unfinished npm timer reifyNode:node_modules/@csstools/css-tokenizer 1790251894360
1237 silly unfinished npm timer reifyNode:node_modules/@csstools/css-syntax-patches-for-csstree 1790251894360
1238 silly unfinished npm timer reifyNode:node_modules/@csstools/css-parser-algorithms 1790251894360
1239 silly unfinished npm timer reifyNode:node_modules/@csstools/css-color-parser 1790251894360
1240 silly unfinished npm timer reifyNode:node_modules/@csstools/css-calc 1790251894360
1241 silly unfinished npm timer reifyNode:node_modules/@csstools/color-helpers 1790251894360
1242 silly unfinished npm timer reifyNode:node_modules/@bramus/specificity 1790251894360
1243 silly unfinished npm timer reifyNode:node_modules/@babel/types 1790251894360
1244 silly unfinished npm timer reifyNode:node_modules/@babel/traverse 1790251894360
1245 silly unfinished npm timer reifyNode:node_modules/@babel/template 1790251894360
1246 silly unfinished npm timer reifyNode:node_modules/@babel/parser 1790251894360
1247 silly unfinished npm timer reifyNode:node_modules/@babel/helpers 1790251894360
1248 silly unfinished npm timer reifyNode:node_modules/@babel/helper-validator-option 1790251894360
1249 silly unfinished npm timer reifyNode:node_modules/@babel/helper-validator-identifier 1790251894360
1250 silly unfinished npm timer reifyNode:node_modules/@babel/helper-string-parser 1790251894360
1251 silly unfinished npm timer reifyNode:node_modules/@babel/helper-split-export-declaration 1790251894360
1252 silly unfinished npm timer reifyNode:node_modules/@babel/helper-split-export-declaration/node_modules/@babel/types 1790251894360
1253 silly unfinished npm timer reifyNode:node_modules/@babel/helper-split-export-declaration/node_modules/@babel/helper-validator-identifier 1790251894360
1254 silly unfinished npm timer reifyNode:node_modules/@babel/helper-split-export-declaration/node_modules/@babel/helper-string-parser 1790251894360
1255 silly unfinished npm timer reifyNode:node_modules/@babel/helper-globals 1790251894360
1256 silly unfinished npm timer reifyNode:node_modules/@babel/helper-compilation-targets 1790251894360
1257 silly unfinished npm timer reifyNode:node_modules/@babel/helper-annotate-as-pure 1790251894360
1258 silly unfinished npm timer reifyNode:node_modules/@babel/generator 1790251894360
1259 silly unfinished npm timer reifyNode:node_modules/@babel/core 1790251894360
1260 silly unfinished npm timer reifyNode:node_modules/@babel/core/node_modules/convert-source-map 1790251894360
1261 silly unfinished npm timer reifyNode:node_modules/@babel/compat-data 1790251894360
1262 silly unfinished npm timer reifyNode:node_modules/@babel/code-frame 1790251894360
1263 silly unfinished npm timer reifyNode:node_modules/@asamuzakjp/nwsapi 1790251894360
1264 silly unfinished npm timer reifyNode:node_modules/@asamuzakjp/generational-cache 1790251894360
1265 silly unfinished npm timer reifyNode:node_modules/@asamuzakjp/dom-selector 1790251894360
1266 silly unfinished npm timer reifyNode:node_modules/@asamuzakjp/css-color 1790251894360
1267 silly unfinished npm timer reifyNode:node_modules/@angular/router 1790251894360
1268 silly unfinished npm timer reifyNode:node_modules/@angular/platform-browser 1790251894360
1269 silly unfinished npm timer reifyNode:node_modules/@angular/forms 1790251894360
1270 silly unfinished npm timer reifyNode:node_modules/@angular/core 1790251894360
1271 silly unfinished npm timer reifyNode:node_modules/@angular/compiler-cli 1790251894360
1272 silly unfinished npm timer reifyNode:node_modules/@angular/compiler 1790251894360
1273 silly unfinished npm timer reifyNode:node_modules/@angular/common 1790251894360
1274 silly unfinished npm timer reifyNode:node_modules/@angular/cli 1790251894360
1275 silly unfinished npm timer reifyNode:node_modules/@angular/build 1790251894360
1276 silly unfinished npm timer reifyNode:node_modules/@angular-devkit/schematics 1790251894360
1277 silly unfinished npm timer reifyNode:node_modules/@angular-devkit/core 1790251894360
1278 silly unfinished npm timer reifyNode:node_modules/@angular-devkit/architect 1790251894360
1279 silly unfinished npm timer reifyNode:node_modules/@ampproject/remapping 1790251894360
1280 silly unfinished npm timer reifyNode:node_modules/@acemir/cssom 1790251894360
1281 verbose cwd D:\web2\Learn agudar\learn Agudar\BTVN-main
1282 verbose os Windows_NT 10.0.26200
1283 verbose node v24.20.0
1284 verbose npm  v11.19.0
1285 verbose exit 1
1286 verbose code 1
1287 error A complete log of this run can be found in: D:\web2\Learn agudar\.npm-cache\_logs\2026-09-24T12_10_57_735Z-debug-0.log
