0 verbose cli C:\Program Files\node.exe C:\Program Files\node_modules\npm\bin\npm-cli.js
1 info using npm@11.19.0
2 info using node@v24.20.0
3 silly config load:file:C:\Program Files\node_modules\npm\npmrc
4 silly config load:file:D:\web2\Learn agudar\learn Agudar\BTVN-main\.npmrc
5 silly config load:file:C:\Users\ASUS\.npmrc
6 silly config load:file:C:\Users\ASUS\AppData\Roaming\npm\etc\npmrc
7 verbose title npm ci
8 verbose argv "ci" "--cache" "D:\\web2\\Learn agudar\\.npm-cache" "--offline" "false" "--no-audit" "--no-fund"
9 verbose logfile logs-max:10 dir:D:\web2\Learn agudar\.npm-cache\_logs\2026-09-24T12_11_56_067Z-
10 verbose logfile D:\web2\Learn agudar\.npm-cache\_logs\2026-09-24T12_11_56_067Z-debug-0.log
11 silly logfile done cleaning log files
12 silly packumentCache heap:4496293888 maxSize:1124073472 maxEntrySize:562036736
13 silly packumentCache heap:4496293888 maxSize:1124073472 maxEntrySize:562036736
14 silly idealTree buildDeps
15 silly reify moves {}
16 http cache zod-to-json-schema@https://registry.npmjs.org/zod-to-json-schema/-/zod-to-json-schema-3.25.2.tgz 0ms (cache hit)
17 http cache zod@https://registry.npmjs.org/zod/-/zod-4.4.3.tgz 0ms (cache hit)
18 http cache yargs-parser@https://registry.npmjs.org/yargs-parser/-/yargs-parser-22.0.0.tgz 0ms (cache hit)
19 http cache yoctocolors@https://registry.npmjs.org/yoctocolors/-/yoctocolors-2.2.0.tgz 0ms (cache hit)
20 http cache y18n@https://registry.npmjs.org/y18n/-/y18n-5.0.8.tgz 0ms (cache hit)
21 http cache xmlchars@https://registry.npmjs.org/xmlchars/-/xmlchars-2.2.0.tgz 0ms (cache hit)
22 http cache yargs@https://registry.npmjs.org/yargs/-/yargs-18.1.0.tgz 0ms (cache hit)
23 http cache xml-name-validator@https://registry.npmjs.org/xml-name-validator/-/xml-name-validator-5.0.0.tgz 0ms (cache hit)
24 http cache wrappy@https://registry.npmjs.org/wrappy/-/wrappy-1.0.2.tgz 0ms (cache hit)
25 http cache why-is-node-running@https://registry.npmjs.org/why-is-node-running/-/why-is-node-running-2.3.0.tgz 0ms (cache hit)
26 http cache wrap-ansi@https://registry.npmjs.org/wrap-ansi/-/wrap-ansi-10.0.1.tgz 0ms (cache hit)
27 http cache which@https://registry.npmjs.org/which/-/which-2.0.2.tgz 0ms (cache hit)
28 http cache whatwg-url@https://registry.npmjs.org/whatwg-url/-/whatwg-url-16.0.1.tgz 0ms (cache hit)
29 http cache whatwg-mimetype@https://registry.npmjs.org/whatwg-mimetype/-/whatwg-mimetype-5.0.0.tgz 0ms (cache hit)
30 http cache webidl-conversions@https://registry.npmjs.org/webidl-conversions/-/webidl-conversions-8.0.1.tgz 0ms (cache hit)
31 http cache weak-lru-cache@https://registry.npmjs.org/weak-lru-cache/-/weak-lru-cache-1.2.2.tgz 0ms (cache hit)
32 http cache w3c-xmlserializer@https://registry.npmjs.org/w3c-xmlserializer/-/w3c-xmlserializer-5.0.0.tgz 0ms (cache hit)
33 http cache watchpack@https://registry.npmjs.org/watchpack/-/watchpack-2.5.2.tgz 0ms (cache hit)
34 http cache vitest@https://registry.npmjs.org/vitest/-/vitest-4.1.11.tgz 0ms (cache hit)
35 http cache vite@https://registry.npmjs.org/vite/-/vite-8.1.5.tgz 0ms (cache hit)
36 http cache vary@https://registry.npmjs.org/vary/-/vary-1.1.2.tgz 0ms (cache hit)
37 http cache validate-npm-package-name@https://registry.npmjs.org/validate-npm-package-name/-/validate-npm-package-name-8.0.0.tgz 0ms (cache hit)
38 http cache update-browserslist-db@https://registry.npmjs.org/update-browserslist-db/-/update-browserslist-db-1.3.2.tgz 0ms (cache hit)
39 http cache unpipe@https://registry.npmjs.org/unpipe/-/unpipe-1.0.0.tgz 0ms (cache hit)
40 http cache type-is@https://registry.npmjs.org/type-is/-/type-is-2.1.0.tgz 0ms (cache hit)
41 http cache tr46@https://registry.npmjs.org/tr46/-/tr46-6.0.0.tgz 0ms (cache hit)
42 http cache typescript@https://registry.npmjs.org/typescript/-/typescript-6.0.3.tgz 0ms (cache hit)
43 http cache tslib@https://registry.npmjs.org/tslib/-/tslib-2.8.1.tgz 0ms (cache hit)
44 http cache undici@https://registry.npmjs.org/undici/-/undici-7.29.0.tgz 0ms (cache hit)
45 http cache toidentifier@https://registry.npmjs.org/toidentifier/-/toidentifier-1.0.1.tgz 0ms (cache hit)
46 http cache tough-cookie@https://registry.npmjs.org/tough-cookie/-/tough-cookie-6.0.2.tgz 0ms (cache hit)
47 http cache tldts-core@https://registry.npmjs.org/tldts-core/-/tldts-core-7.4.11.tgz 0ms (cache hit)
48 http cache tldts@https://registry.npmjs.org/tldts/-/tldts-7.4.11.tgz 0ms (cache hit)
49 http cache tinyrainbow@https://registry.npmjs.org/tinyrainbow/-/tinyrainbow-3.1.1.tgz 0ms (cache hit)
50 http cache symbol-tree@https://registry.npmjs.org/symbol-tree/-/symbol-tree-3.2.4.tgz 0ms (cache hit)
51 http cache strip-ansi@https://registry.npmjs.org/strip-ansi/-/strip-ansi-7.2.0.tgz 0ms (cache hit)
52 http cache tinyexec@https://registry.npmjs.org/tinyexec/-/tinyexec-1.3.1.tgz 0ms (cache hit)
53 http cache std-env@https://registry.npmjs.org/std-env/-/std-env-4.2.0.tgz 0ms (cache hit)
54 http cache tinyglobby@https://registry.npmjs.org/tinyglobby/-/tinyglobby-0.2.17.tgz 0ms (cache hit)
55 http cache stdin-discarder@https://registry.npmjs.org/stdin-discarder/-/stdin-discarder-0.3.2.tgz 0ms (cache hit)
56 http cache string-width@https://registry.npmjs.org/string-width/-/string-width-8.2.2.tgz 0ms (cache hit)
57 http cache stackback@https://registry.npmjs.org/stackback/-/stackback-0.0.2.tgz 0ms (cache hit)
58 http cache statuses@https://registry.npmjs.org/statuses/-/statuses-2.0.2.tgz 0ms (cache hit)
59 http cache source-map-js@https://registry.npmjs.org/source-map-js/-/source-map-js-1.2.1.tgz 0ms (cache hit)
60 http cache source-map-support@https://registry.npmjs.org/source-map-support/-/source-map-support-0.5.21.tgz 0ms (cache hit)
61 http cache source-map@https://registry.npmjs.org/source-map/-/source-map-0.7.6.tgz 0ms (cache hit)
62 http cache siginfo@https://registry.npmjs.org/siginfo/-/siginfo-2.0.0.tgz 0ms (cache hit)
63 http cache slice-ansi@https://registry.npmjs.org/slice-ansi/-/slice-ansi-9.0.0.tgz 0ms (cache hit)
64 http cache signal-exit@https://registry.npmjs.org/signal-exit/-/signal-exit-4.1.0.tgz 0ms (cache hit)
65 http cache tinybench@https://registry.npmjs.org/tinybench/-/tinybench-2.9.0.tgz 0ms (cache hit)
66 http cache side-channel-map@https://registry.npmjs.org/side-channel-map/-/side-channel-map-1.0.1.tgz 0ms (cache hit)
67 http cache side-channel-weakmap@https://registry.npmjs.org/side-channel-weakmap/-/side-channel-weakmap-1.0.2.tgz 0ms (cache hit)
68 http cache side-channel-list@https://registry.npmjs.org/side-channel-list/-/side-channel-list-1.0.1.tgz 0ms (cache hit)
69 http cache side-channel@https://registry.npmjs.org/side-channel/-/side-channel-1.1.1.tgz 0ms (cache hit)
70 http cache shebang-regex@https://registry.npmjs.org/shebang-regex/-/shebang-regex-3.0.0.tgz 0ms (cache hit)
71 http cache shebang-command@https://registry.npmjs.org/shebang-command/-/shebang-command-2.0.0.tgz 0ms (cache hit)
72 http cache setprototypeof@https://registry.npmjs.org/setprototypeof/-/setprototypeof-1.2.0.tgz 0ms (cache hit)
73 http cache serve-static@https://registry.npmjs.org/serve-static/-/serve-static-2.2.1.tgz 0ms (cache hit)
74 http cache send@https://registry.npmjs.org/send/-/send-1.2.1.tgz 0ms (cache hit)
75 http cache semver@https://registry.npmjs.org/semver/-/semver-7.8.5.tgz 0ms (cache hit)
76 http cache safer-buffer@https://registry.npmjs.org/safer-buffer/-/safer-buffer-2.1.2.tgz 0ms (cache hit)
77 http cache rxjs@https://registry.npmjs.org/rxjs/-/rxjs-7.8.2.tgz 0ms (cache hit)
78 http cache saxes@https://registry.npmjs.org/saxes/-/saxes-6.0.0.tgz 0ms (cache hit)
79 http cache rolldown@https://registry.npmjs.org/rolldown/-/rolldown-1.2.0.tgz 0ms (cache hit)
80 http cache router@https://registry.npmjs.org/router/-/router-2.2.0.tgz 0ms (cache hit)
81 http cache require-from-string@https://registry.npmjs.org/require-from-string/-/require-from-string-2.0.2.tgz 0ms (cache hit)
82 http cache restore-cursor@https://registry.npmjs.org/restore-cursor/-/restore-cursor-5.1.0.tgz 0ms (cache hit)
83 http cache readdirp@https://registry.npmjs.org/readdirp/-/readdirp-5.1.1.tgz 0ms (cache hit)
84 http cache reflect-metadata@https://registry.npmjs.org/reflect-metadata/-/reflect-metadata-0.2.2.tgz 0ms (cache hit)
85 http cache raw-body@https://registry.npmjs.org/raw-body/-/raw-body-3.0.2.tgz 0ms (cache hit)
86 http cache sass@https://registry.npmjs.org/sass/-/sass-1.101.0.tgz 0ms (cache hit)
87 http cache qs@https://registry.npmjs.org/qs/-/qs-6.16.0.tgz 0ms (cache hit)
88 http cache proxy-agent-negotiate@https://registry.npmjs.org/proxy-agent-negotiate/-/proxy-agent-negotiate-1.1.0.tgz 0ms (cache hit)
89 http cache proxy-addr@https://registry.npmjs.org/proxy-addr/-/proxy-addr-2.0.7.tgz 0ms (cache hit)
90 http cache punycode@https://registry.npmjs.org/punycode/-/punycode-2.3.1.tgz 0ms (cache hit)
91 http cache proc-log@https://registry.npmjs.org/proc-log/-/proc-log-7.0.0.tgz 0ms (cache hit)
92 http cache range-parser@https://registry.npmjs.org/range-parser/-/range-parser-1.3.0.tgz 0ms (cache hit)
93 http cache prettier@https://registry.npmjs.org/prettier/-/prettier-3.9.6.tgz 0ms (cache hit)
94 http cache postcss-media-query-parser@https://registry.npmjs.org/postcss-media-query-parser/-/postcss-media-query-parser-0.2.3.tgz 0ms (cache hit)
95 http cache postcss@https://registry.npmjs.org/postcss/-/postcss-8.5.28.tgz 0ms (cache hit)
96 http cache piscina@https://registry.npmjs.org/piscina/-/piscina-5.2.0.tgz 1ms (cache hit)
97 http cache postcss-safe-parser@https://registry.npmjs.org/postcss-safe-parser/-/postcss-safe-parser-7.0.1.tgz 0ms (cache hit)
98 http cache picomatch@https://registry.npmjs.org/picomatch/-/picomatch-4.0.5.tgz 0ms (cache hit)
99 http cache pkce-challenge@https://registry.npmjs.org/pkce-challenge/-/pkce-challenge-5.0.1.tgz 0ms (cache hit)
100 http cache picocolors@https://registry.npmjs.org/picocolors/-/picocolors-1.1.1.tgz 0ms (cache hit)
101 http cache path-to-regexp@https://registry.npmjs.org/path-to-regexp/-/path-to-regexp-8.4.2.tgz 0ms (cache hit)
102 http cache path-key@https://registry.npmjs.org/path-key/-/path-key-3.1.1.tgz 0ms (cache hit)
103 http cache parse5-sax-parser@https://registry.npmjs.org/parse5-sax-parser/-/parse5-sax-parser-8.0.0.tgz 0ms (cache hit)
104 http cache pathe@https://registry.npmjs.org/pathe/-/pathe-2.0.3.tgz 0ms (cache hit)
105 http cache parseurl@https://registry.npmjs.org/parseurl/-/parseurl-1.3.3.tgz 0ms (cache hit)
106 http cache parse5-html-rewriting-stream@https://registry.npmjs.org/parse5-html-rewriting-stream/-/parse5-html-rewriting-stream-8.0.1.tgz 0ms (cache hit)
107 http cache oxc-parser@https://registry.npmjs.org/oxc-parser/-/oxc-parser-0.142.0.tgz 0ms (cache hit)
108 http cache onetime@https://registry.npmjs.org/onetime/-/onetime-7.0.0.tgz 0ms (cache hit)
109 http cache ora@https://registry.npmjs.org/ora/-/ora-9.4.1.tgz 0ms (cache hit)
110 http cache parse5@https://registry.npmjs.org/parse5/-/parse5-8.0.1.tgz 0ms (cache hit)
111 http cache once@https://registry.npmjs.org/once/-/once-1.4.0.tgz 0ms (cache hit)
112 http cache on-finished@https://registry.npmjs.org/on-finished/-/on-finished-2.4.1.tgz 0ms (cache hit)
113 http cache ordered-binary@https://registry.npmjs.org/ordered-binary/-/ordered-binary-1.6.1.tgz 0ms (cache hit)
114 http cache object-assign@https://registry.npmjs.org/object-assign/-/object-assign-4.1.1.tgz 0ms (cache hit)
115 http cache nth-check@https://registry.npmjs.org/nth-check/-/nth-check-2.1.1.tgz 0ms (cache hit)
116 http cache object-inspect@https://registry.npmjs.org/object-inspect/-/object-inspect-1.13.4.tgz 0ms (cache hit)
117 http cache obug@https://registry.npmjs.org/obug/-/obug-2.1.4.tgz 0ms (cache hit)
118 http cache npm-package-arg@https://registry.npmjs.org/npm-package-arg/-/npm-package-arg-14.0.0.tgz 0ms (cache hit)
119 http cache node-addon-api@https://registry.npmjs.org/node-addon-api/-/node-addon-api-6.1.0.tgz 0ms (cache hit)
120 http cache node-gyp-build-optional-packages@https://registry.npmjs.org/node-gyp-build-optional-packages/-/node-gyp-build-optional-packages-5.2.2.tgz 0ms (cache hit)
121 http cache negotiator@https://registry.npmjs.org/negotiator/-/negotiator-1.1.0.tgz 0ms (cache hit)
122 http cache nanoid@https://registry.npmjs.org/nanoid/-/nanoid-3.3.18.tgz 0ms (cache hit)
123 http cache mute-stream@https://registry.npmjs.org/mute-stream/-/mute-stream-3.0.0.tgz 0ms (cache hit)
124 http cache node-releases@https://registry.npmjs.org/node-releases/-/node-releases-2.0.54.tgz 0ms (cache hit)
125 http cache msgpackr-extract@https://registry.npmjs.org/msgpackr-extract/-/msgpackr-extract-3.0.4.tgz 0ms (cache hit)
126 http cache ms@https://registry.npmjs.org/ms/-/ms-2.1.3.tgz 0ms (cache hit)
127 http cache msgpackr@https://registry.npmjs.org/msgpackr/-/msgpackr-1.12.1.tgz 0ms (cache hit)
128 http cache merge-descriptors@https://registry.npmjs.org/merge-descriptors/-/merge-descriptors-2.0.0.tgz 0ms (cache hit)
129 http cache mimic-function@https://registry.npmjs.org/mimic-function/-/mimic-function-5.0.1.tgz 0ms (cache hit)
130 http cache mime-types@https://registry.npmjs.org/mime-types/-/mime-types-3.0.2.tgz 0ms (cache hit)
131 http cache mime-db@https://registry.npmjs.org/mime-db/-/mime-db-1.54.0.tgz 0ms (cache hit)
132 http cache mrmime@https://registry.npmjs.org/mrmime/-/mrmime-2.0.1.tgz 0ms (cache hit)
133 http cache media-typer@https://registry.npmjs.org/media-typer/-/media-typer-1.1.1.tgz 0ms (cache hit)
134 http cache magic-string@https://registry.npmjs.org/magic-string/-/magic-string-1.0.0.tgz 0ms (cache hit)
135 http cache mdn-data@https://registry.npmjs.org/mdn-data/-/mdn-data-2.27.1.tgz 0ms (cache hit)
136 http cache lru-cache@https://registry.npmjs.org/lru-cache/-/lru-cache-11.5.2.tgz 0ms (cache hit)
137 http cache math-intrinsics@https://registry.npmjs.org/math-intrinsics/-/math-intrinsics-1.1.0.tgz 0ms (cache hit)
138 http cache log-update@https://registry.npmjs.org/log-update/-/log-update-8.0.0.tgz 0ms (cache hit)
139 http cache lmdb@https://registry.npmjs.org/lmdb/-/lmdb-3.5.6.tgz 0ms (cache hit)
140 http cache log-symbols@https://registry.npmjs.org/log-symbols/-/log-symbols-7.0.1.tgz 0ms (cache hit)
141 http cache listr2@https://registry.npmjs.org/listr2/-/listr2-11.0.0.tgz 0ms (cache hit)
142 http cache lightningcss-win32-x64-msvc@https://registry.npmjs.org/lightningcss-win32-x64-msvc/-/lightningcss-win32-x64-msvc-1.33.0.tgz 0ms (cache hit)
143 http cache lightningcss@https://registry.npmjs.org/lightningcss/-/lightningcss-1.33.0.tgz 0ms (cache hit)
144 http cache jsonc-parser@https://registry.npmjs.org/jsonc-parser/-/jsonc-parser-3.3.1.tgz 0ms (cache hit)
145 http cache json-schema-typed@https://registry.npmjs.org/json-schema-typed/-/json-schema-typed-8.0.2.tgz 0ms (cache hit)
146 http cache json-schema-traverse@https://registry.npmjs.org/json-schema-traverse/-/json-schema-traverse-1.0.0.tgz 0ms (cache hit)
147 http cache json5@https://registry.npmjs.org/json5/-/json5-2.2.3.tgz 0ms (cache hit)
148 http cache jsdom@https://registry.npmjs.org/jsdom/-/jsdom-28.1.0.tgz 0ms (cache hit)
149 http cache js-tokens@https://registry.npmjs.org/js-tokens/-/js-tokens-10.0.0.tgz 0ms (cache hit)
150 http cache jsesc@https://registry.npmjs.org/jsesc/-/jsesc-3.1.0.tgz 0ms (cache hit)
151 http cache isexe@https://registry.npmjs.org/isexe/-/isexe-2.0.0.tgz 0ms (cache hit)
152 http cache is-promise@https://registry.npmjs.org/is-promise/-/is-promise-4.0.0.tgz 0ms (cache hit)
153 http cache is-unicode-supported@https://registry.npmjs.org/is-unicode-supported/-/is-unicode-supported-2.1.0.tgz 0ms (cache hit)
154 http cache jose@https://registry.npmjs.org/jose/-/jose-6.2.10.tgz 0ms (cache hit)
155 http cache is-interactive@https://registry.npmjs.org/is-interactive/-/is-interactive-2.0.0.tgz 0ms (cache hit)
156 http cache is-glob@https://registry.npmjs.org/is-glob/-/is-glob-4.0.3.tgz 0ms (cache hit)
157 http cache is-extglob@https://registry.npmjs.org/is-extglob/-/is-extglob-2.1.1.tgz 0ms (cache hit)
158 http cache is-fullwidth-code-point@https://registry.npmjs.org/is-fullwidth-code-point/-/is-fullwidth-code-point-5.1.0.tgz 0ms (cache hit)
159 http cache ipaddr.js@https://registry.npmjs.org/ipaddr.js/-/ipaddr.js-1.9.1.tgz 0ms (cache hit)
160 http cache is-potential-custom-element-name@https://registry.npmjs.org/is-potential-custom-element-name/-/is-potential-custom-element-name-1.0.1.tgz 0ms (cache hit)
161 http cache ip-address@https://registry.npmjs.org/ip-address/-/ip-address-10.7.0.tgz 0ms (cache hit)
162 http cache import-meta-resolve@https://registry.npmjs.org/import-meta-resolve/-/import-meta-resolve-4.2.0.tgz 0ms (cache hit)
163 http cache inherits@https://registry.npmjs.org/inherits/-/inherits-2.0.4.tgz 0ms (cache hit)
164 http cache iconv-lite@https://registry.npmjs.org/iconv-lite/-/iconv-lite-0.7.3.tgz 0ms (cache hit)
165 http cache https-proxy-agent@https://registry.npmjs.org/https-proxy-agent/-/https-proxy-agent-9.1.0.tgz 0ms (cache hit)
166 http cache http-errors@https://registry.npmjs.org/http-errors/-/http-errors-2.0.1.tgz 0ms (cache hit)
167 http cache immutable@https://registry.npmjs.org/immutable/-/immutable-5.1.9.tgz 0ms (cache hit)
168 http cache http-proxy-agent@https://registry.npmjs.org/http-proxy-agent/-/http-proxy-agent-7.0.2.tgz 0ms (cache hit)
169 http cache htmlparser2@https://registry.npmjs.org/htmlparser2/-/htmlparser2-10.1.0.tgz 0ms (cache hit)
170 http cache hono@https://registry.npmjs.org/hono/-/hono-4.13.5.tgz 0ms (cache hit)
171 http cache hasown@https://registry.npmjs.org/hasown/-/hasown-2.0.4.tgz 0ms (cache hit)
172 http cache hosted-git-info@https://registry.npmjs.org/hosted-git-info/-/hosted-git-info-10.1.1.tgz 0ms (cache hit)
173 http cache has-symbols@https://registry.npmjs.org/has-symbols/-/has-symbols-1.1.0.tgz 0ms (cache hit)
174 http cache html-encoding-sniffer@https://registry.npmjs.org/html-encoding-sniffer/-/html-encoding-sniffer-6.0.0.tgz 0ms (cache hit)
175 http cache gopd@https://registry.npmjs.org/gopd/-/gopd-1.2.0.tgz 0ms (cache hit)
176 http cache get-proto@https://registry.npmjs.org/get-proto/-/get-proto-1.0.1.tgz 0ms (cache hit)
177 http cache graceful-fs@https://registry.npmjs.org/graceful-fs/-/graceful-fs-4.2.11.tgz 0ms (cache hit)
178 http cache get-east-asian-width@https://registry.npmjs.org/get-east-asian-width/-/get-east-asian-width-1.6.0.tgz 0ms (cache hit)
179 http cache get-intrinsic@https://registry.npmjs.org/get-intrinsic/-/get-intrinsic-1.3.0.tgz 0ms (cache hit)
180 http cache get-caller-file@https://registry.npmjs.org/get-caller-file/-/get-caller-file-2.0.5.tgz 0ms (cache hit)
181 http cache gensync@https://registry.npmjs.org/gensync/-/gensync-1.0.0-beta.2.tgz 0ms (cache hit)
182 http cache fresh@https://registry.npmjs.org/fresh/-/fresh-2.0.0.tgz 0ms (cache hit)
183 http cache forwarded@https://registry.npmjs.org/forwarded/-/forwarded-0.2.0.tgz 0ms (cache hit)
184 http cache function-bind@https://registry.npmjs.org/function-bind/-/function-bind-1.1.2.tgz 0ms (cache hit)
185 http cache fast-wrap-ansi@https://registry.npmjs.org/fast-wrap-ansi/-/fast-wrap-ansi-0.2.2.tgz 0ms (cache hit)
186 http cache fast-string-truncated-width@https://registry.npmjs.org/fast-string-truncated-width/-/fast-string-truncated-width-3.0.3.tgz 1ms (cache hit)
187 http cache fast-string-width@https://registry.npmjs.org/fast-string-width/-/fast-string-width-3.0.2.tgz 0ms (cache hit)
188 http cache fdir@https://registry.npmjs.org/fdir/-/fdir-6.5.0.tgz 0ms (cache hit)
189 http cache fast-deep-equal@https://registry.npmjs.org/fast-deep-equal/-/fast-deep-equal-3.1.3.tgz 1ms (cache hit)
190 http cache fast-uri@https://registry.npmjs.org/fast-uri/-/fast-uri-3.1.7.tgz 0ms (cache hit)
191 http cache eventsource-parser@https://registry.npmjs.org/eventsource-parser/-/eventsource-parser-3.1.1.tgz 0ms (cache hit)
192 http cache finalhandler@https://registry.npmjs.org/finalhandler/-/finalhandler-2.1.1.tgz 0ms (cache hit)
193 http cache express@https://registry.npmjs.org/express/-/express-5.2.1.tgz 0ms (cache hit)
194 http cache eventsource@https://registry.npmjs.org/eventsource/-/eventsource-3.0.7.tgz 0ms (cache hit)
195 http cache etag@https://registry.npmjs.org/etag/-/etag-1.8.1.tgz 0ms (cache hit)
196 http cache estree-walker@https://registry.npmjs.org/estree-walker/-/estree-walker-3.0.3.tgz 0ms (cache hit)
197 http cache escape-html@https://registry.npmjs.org/escape-html/-/escape-html-1.0.3.tgz 0ms (cache hit)
198 http cache express-rate-limit@https://registry.npmjs.org/express-rate-limit/-/express-rate-limit-8.7.0.tgz 0ms (cache hit)
199 http cache escalade@https://registry.npmjs.org/escalade/-/escalade-3.2.0.tgz 0ms (cache hit)
200 http cache es-module-lexer@https://registry.npmjs.org/es-module-lexer/-/es-module-lexer-2.3.2.tgz 0ms (cache hit)
201 http cache expect-type@https://registry.npmjs.org/expect-type/-/expect-type-1.4.0.tgz 0ms (cache hit)
202 http cache es-object-atoms@https://registry.npmjs.org/es-object-atoms/-/es-object-atoms-1.1.2.tgz 0ms (cache hit)
203 http cache esbuild@https://registry.npmjs.org/esbuild/-/esbuild-0.28.2.tgz 0ms (cache hit)
204 http cache es-errors@https://registry.npmjs.org/es-errors/-/es-errors-1.3.0.tgz 0ms (cache hit)
205 http cache es-define-property@https://registry.npmjs.org/es-define-property/-/es-define-property-1.0.1.tgz 0ms (cache hit)
206 http cache entities@https://registry.npmjs.org/entities/-/entities-4.5.0.tgz 0ms (cache hit)
207 http cache environment@https://registry.npmjs.org/environment/-/environment-1.1.0.tgz 0ms (cache hit)
208 http cache encodeurl@https://registry.npmjs.org/encodeurl/-/encodeurl-2.0.0.tgz 0ms (cache hit)
209 http cache empathic@https://registry.npmjs.org/empathic/-/empathic-2.0.1.tgz 0ms (cache hit)
210 http cache emoji-regex@https://registry.npmjs.org/emoji-regex/-/emoji-regex-10.6.0.tgz 0ms (cache hit)
211 http cache electron-to-chromium@https://registry.npmjs.org/electron-to-chromium/-/electron-to-chromium-1.5.421.tgz 0ms (cache hit)
212 http cache dunder-proto@https://registry.npmjs.org/dunder-proto/-/dunder-proto-1.0.1.tgz 0ms (cache hit)
213 http cache domutils@https://registry.npmjs.org/domutils/-/domutils-3.2.2.tgz 0ms (cache hit)
214 http cache domelementtype@https://registry.npmjs.org/domelementtype/-/domelementtype-2.3.0.tgz 0ms (cache hit)
215 http cache detect-libc@https://registry.npmjs.org/detect-libc/-/detect-libc-2.1.2.tgz 0ms (cache hit)
216 http cache dom-serializer@https://registry.npmjs.org/dom-serializer/-/dom-serializer-2.0.0.tgz 0ms (cache hit)
217 http cache ee-first@https://registry.npmjs.org/ee-first/-/ee-first-1.1.1.tgz 0ms (cache hit)
218 http cache depd@https://registry.npmjs.org/depd/-/depd-2.0.0.tgz 0ms (cache hit)
219 http cache decimal.js@https://registry.npmjs.org/decimal.js/-/decimal.js-10.6.0.tgz 0ms (cache hit)
220 http cache debug@https://registry.npmjs.org/debug/-/debug-4.4.3.tgz 0ms (cache hit)
221 http cache data-urls@https://registry.npmjs.org/data-urls/-/data-urls-7.0.0.tgz 0ms (cache hit)
222 http cache cssstyle@https://registry.npmjs.org/cssstyle/-/cssstyle-6.2.0.tgz 0ms (cache hit)
223 http cache css-what@https://registry.npmjs.org/css-what/-/css-what-7.0.0.tgz 0ms (cache hit)
224 http cache cors@https://registry.npmjs.org/cors/-/cors-2.8.6.tgz 0ms (cache hit)
225 http cache css-tree@https://registry.npmjs.org/css-tree/-/css-tree-3.2.1.tgz 0ms (cache hit)
226 http cache cross-spawn@https://registry.npmjs.org/cross-spawn/-/cross-spawn-7.0.6.tgz 0ms (cache hit)
227 http cache css-select@https://registry.npmjs.org/css-select/-/css-select-6.0.0.tgz 0ms (cache hit)
228 http cache cookie-signature@https://registry.npmjs.org/cookie-signature/-/cookie-signature-1.2.2.tgz 0ms (cache hit)
229 http cache content-type@https://registry.npmjs.org/content-type/-/content-type-1.0.5.tgz 0ms (cache hit)
230 http cache cookie@https://registry.npmjs.org/cookie/-/cookie-0.7.2.tgz 0ms (cache hit)
231 http cache convert-source-map@https://registry.npmjs.org/convert-source-map/-/convert-source-map-1.9.0.tgz 0ms (cache hit)
232 http cache content-disposition@https://registry.npmjs.org/content-disposition/-/content-disposition-1.1.0.tgz 0ms (cache hit)
233 http cache cliui@https://registry.npmjs.org/cliui/-/cliui-9.0.1.tgz 0ms (cache hit)
234 http cache cli-spinners@https://registry.npmjs.org/cli-spinners/-/cli-spinners-3.4.0.tgz 0ms (cache hit)
235 http cache cli-truncate@https://registry.npmjs.org/cli-truncate/-/cli-truncate-6.1.1.tgz 0ms (cache hit)
236 http cache cli-width@https://registry.npmjs.org/cli-width/-/cli-width-4.1.0.tgz 0ms (cache hit)
237 http cache cli-cursor@https://registry.npmjs.org/cli-cursor/-/cli-cursor-5.0.0.tgz 0ms (cache hit)
238 http cache chokidar@https://registry.npmjs.org/chokidar/-/chokidar-5.0.0.tgz 0ms (cache hit)
239 http cache chardet@https://registry.npmjs.org/chardet/-/chardet-2.2.0.tgz 0ms (cache hit)
240 http cache chai@https://registry.npmjs.org/chai/-/chai-6.2.2.tgz 0ms (cache hit)
241 http cache chalk@https://registry.npmjs.org/chalk/-/chalk-5.6.2.tgz 0ms (cache hit)
242 http cache caniuse-lite@https://registry.npmjs.org/caniuse-lite/-/caniuse-lite-1.0.30001810.tgz 0ms (cache hit)
243 http cache domhandler@https://registry.npmjs.org/domhandler/-/domhandler-5.0.3.tgz 0ms (cache hit)
244 http cache call-bind-apply-helpers@https://registry.npmjs.org/call-bind-apply-helpers/-/call-bind-apply-helpers-1.0.2.tgz 0ms (cache hit)
245 http cache call-bound@https://registry.npmjs.org/call-bound/-/call-bound-1.0.4.tgz 0ms (cache hit)
246 http cache bytes@https://registry.npmjs.org/bytes/-/bytes-3.1.2.tgz 0ms (cache hit)
247 http cache buffer-from@https://registry.npmjs.org/buffer-from/-/buffer-from-1.1.2.tgz 0ms (cache hit)
248 http cache boolbase@https://registry.npmjs.org/boolbase/-/boolbase-1.0.0.tgz 0ms (cache hit)
249 http cache bidi-js@https://registry.npmjs.org/bidi-js/-/bidi-js-1.0.3.tgz 0ms (cache hit)
250 http cache browserslist@https://registry.npmjs.org/browserslist/-/browserslist-4.28.8.tgz 0ms (cache hit)
251 http cache body-parser@https://registry.npmjs.org/body-parser/-/body-parser-2.3.0.tgz 0ms (cache hit)
252 http cache beasties@https://registry.npmjs.org/beasties/-/beasties-0.4.3.tgz 0ms (cache hit)
253 http cache ansi-styles@https://registry.npmjs.org/ansi-styles/-/ansi-styles-6.2.3.tgz 0ms (cache hit)
254 http cache baseline-browser-mapping@https://registry.npmjs.org/baseline-browser-mapping/-/baseline-browser-mapping-2.11.21.tgz 0ms (cache hit)
255 http cache assertion-error@https://registry.npmjs.org/assertion-error/-/assertion-error-2.0.1.tgz 0ms (cache hit)
256 http cache ansi-escapes@https://registry.npmjs.org/ansi-escapes/-/ansi-escapes-7.3.0.tgz 0ms (cache hit)
257 http cache ansi-regex@https://registry.npmjs.org/ansi-regex/-/ansi-regex-6.3.0.tgz 0ms (cache hit)
258 http cache ajv-formats@https://registry.npmjs.org/ajv-formats/-/ajv-formats-3.0.1.tgz 0ms (cache hit)
259 http cache @vitest/utils@https://registry.npmjs.org/@vitest/utils/-/utils-4.1.11.tgz 0ms (cache hit)
260 http cache ajv@https://registry.npmjs.org/ajv/-/ajv-8.20.0.tgz 0ms (cache hit)
261 http cache accepts@https://registry.npmjs.org/accepts/-/accepts-2.0.0.tgz 0ms (cache hit)
262 http cache @vitest/spy@https://registry.npmjs.org/@vitest/spy/-/spy-4.1.11.tgz 0ms (cache hit)
263 http cache @vitejs/plugin-basic-ssl@https://registry.npmjs.org/@vitejs/plugin-basic-ssl/-/plugin-basic-ssl-2.3.0.tgz 0ms (cache hit)
264 http cache @types/jsesc@https://registry.npmjs.org/@types/jsesc/-/jsesc-2.5.1.tgz 0ms (cache hit)
265 http cache @vitest/snapshot@https://registry.npmjs.org/@vitest/snapshot/-/snapshot-4.1.11.tgz 0ms (cache hit)
266 http cache @vitest/runner@https://registry.npmjs.org/@vitest/runner/-/runner-4.1.11.tgz 0ms (cache hit)
267 http cache @vitest/mocker@https://registry.npmjs.org/@vitest/mocker/-/mocker-4.1.11.tgz 0ms (cache hit)
268 http cache @vitest/expect@https://registry.npmjs.org/@vitest/expect/-/expect-4.1.11.tgz 0ms (cache hit)
269 http cache @types/gensync@https://registry.npmjs.org/@types/gensync/-/gensync-1.0.5.tgz 0ms (cache hit)
270 http cache @vitest/pretty-format@https://registry.npmjs.org/@vitest/pretty-format/-/pretty-format-4.1.11.tgz 0ms (cache hit)
271 http cache @types/estree@https://registry.npmjs.org/@types/estree/-/estree-1.0.9.tgz 0ms (cache hit)
272 http cache @schematics/angular@https://registry.npmjs.org/@schematics/angular/-/angular-22.1.7.tgz 0ms (cache hit)
273 http cache @standard-schema/spec@https://registry.npmjs.org/@standard-schema/spec/-/spec-1.1.0.tgz 0ms (cache hit)
274 http cache @types/deep-eql@https://registry.npmjs.org/@types/deep-eql/-/deep-eql-4.0.2.tgz 0ms (cache hit)
275 http cache @parcel/watcher-win32-x64@https://registry.npmjs.org/@parcel/watcher-win32-x64/-/watcher-win32-x64-2.6.0.tgz 0ms (cache hit)
276 http cache @types/chai@https://registry.npmjs.org/@types/chai/-/chai-5.2.3.tgz 0ms (cache hit)
277 http cache @parcel/watcher@https://registry.npmjs.org/@parcel/watcher/-/watcher-2.6.0.tgz 0ms (cache hit)
278 http cache agent-base@https://registry.npmjs.org/agent-base/-/agent-base-9.0.0.tgz 0ms (cache hit)
279 http cache @oxc-project/types@https://registry.npmjs.org/@oxc-project/types/-/types-0.142.0.tgz 0ms (cache hit)
280 http cache @oxc-parser/binding-win32-x64-msvc@https://registry.npmjs.org/@oxc-parser/binding-win32-x64-msvc/-/binding-win32-x64-msvc-0.142.0.tgz 0ms (cache hit)
281 http cache @rolldown/binding-win32-x64-msvc@https://registry.npmjs.org/@rolldown/binding-win32-x64-msvc/-/binding-win32-x64-msvc-1.2.0.tgz 0ms (cache hit)
282 http cache @rolldown/pluginutils@https://registry.npmjs.org/@rolldown/pluginutils/-/pluginutils-1.0.1.tgz 0ms (cache hit)
283 http cache @napi-rs/nice-win32-x64-msvc@https://registry.npmjs.org/@napi-rs/nice-win32-x64-msvc/-/nice-win32-x64-msvc-1.1.1.tgz 0ms (cache hit)
284 http cache @lmdb/lmdb-win32-x64@https://registry.npmjs.org/@lmdb/lmdb-win32-x64/-/lmdb-win32-x64-3.5.6.tgz 0ms (cache hit)
285 http cache @msgpackr-extract/msgpackr-extract-win32-x64@https://registry.npmjs.org/@msgpackr-extract/msgpackr-extract-win32-x64/-/msgpackr-extract-win32-x64-3.0.4.tgz 0ms (cache hit)
286 http cache @modelcontextprotocol/sdk@https://registry.npmjs.org/@modelcontextprotocol/sdk/-/sdk-1.30.0.tgz 0ms (cache hit)
287 http cache @napi-rs/nice@https://registry.npmjs.org/@napi-rs/nice/-/nice-1.1.1.tgz 0ms (cache hit)
288 http cache @listr2/prompt-adapter-inquirer@https://registry.npmjs.org/@listr2/prompt-adapter-inquirer/-/prompt-adapter-inquirer-4.2.5.tgz 0ms (cache hit)
289 http cache @jridgewell/trace-mapping@https://registry.npmjs.org/@jridgewell/trace-mapping/-/trace-mapping-0.3.31.tgz 0ms (cache hit)
290 http cache @jridgewell/sourcemap-codec@https://registry.npmjs.org/@jridgewell/sourcemap-codec/-/sourcemap-codec-1.6.0.tgz 0ms (cache hit)
291 http cache @inquirer/type@https://registry.npmjs.org/@inquirer/type/-/type-4.1.1.tgz 0ms (cache hit)
292 http cache @jridgewell/resolve-uri@https://registry.npmjs.org/@jridgewell/resolve-uri/-/resolve-uri-3.1.2.tgz 0ms (cache hit)
293 http cache @jridgewell/gen-mapping@https://registry.npmjs.org/@jridgewell/gen-mapping/-/gen-mapping-0.3.13.tgz 0ms (cache hit)
294 http cache @inquirer/select@https://registry.npmjs.org/@inquirer/select/-/select-5.2.4.tgz 0ms (cache hit)
295 http cache @inquirer/search@https://registry.npmjs.org/@inquirer/search/-/search-4.3.2.tgz 0ms (cache hit)
296 http cache @inquirer/prompts@https://registry.npmjs.org/@inquirer/prompts/-/prompts-8.5.2.tgz 0ms (cache hit)
297 http cache @inquirer/password@https://registry.npmjs.org/@inquirer/password/-/password-5.2.1.tgz 0ms (cache hit)
298 http cache @inquirer/input@https://registry.npmjs.org/@inquirer/input/-/input-5.1.5.tgz 0ms (cache hit)
299 http cache @inquirer/rawlist@https://registry.npmjs.org/@inquirer/rawlist/-/rawlist-5.3.4.tgz 0ms (cache hit)
300 http cache @inquirer/number@https://registry.npmjs.org/@inquirer/number/-/number-4.2.2.tgz 0ms (cache hit)
301 http cache @inquirer/external-editor@https://registry.npmjs.org/@inquirer/external-editor/-/external-editor-3.0.5.tgz 0ms (cache hit)
302 http cache @inquirer/expand@https://registry.npmjs.org/@inquirer/expand/-/expand-5.1.4.tgz 0ms (cache hit)
303 http cache @inquirer/editor@https://registry.npmjs.org/@inquirer/editor/-/editor-5.3.2.tgz 0ms (cache hit)
304 http cache @inquirer/core@https://registry.npmjs.org/@inquirer/core/-/core-11.2.1.tgz 0ms (cache hit)
305 http cache @harperfast/extended-iterable@https://registry.npmjs.org/@harperfast/extended-iterable/-/extended-iterable-1.0.3.tgz 0ms (cache hit)
306 http cache @inquirer/confirm@https://registry.npmjs.org/@inquirer/confirm/-/confirm-6.1.1.tgz 0ms (cache hit)
307 http cache @hono/node-server@https://registry.npmjs.org/@hono/node-server/-/node-server-2.1.1.tgz 0ms (cache hit)
308 http cache @inquirer/figures@https://registry.npmjs.org/@inquirer/figures/-/figures-2.0.9.tgz 0ms (cache hit)
309 http cache @inquirer/checkbox@https://registry.npmjs.org/@inquirer/checkbox/-/checkbox-5.2.4.tgz 0ms (cache hit)
310 http cache @exodus/bytes@https://registry.npmjs.org/@exodus/bytes/-/bytes-1.15.1.tgz 0ms (cache hit)
311 http cache @inquirer/ansi@https://registry.npmjs.org/@inquirer/ansi/-/ansi-2.0.8.tgz 0ms (cache hit)
312 http cache @csstools/css-syntax-patches-for-csstree@https://registry.npmjs.org/@csstools/css-syntax-patches-for-csstree/-/css-syntax-patches-for-csstree-1.1.12.tgz 0ms (cache hit)
313 http cache @esbuild/win32-x64@https://registry.npmjs.org/@esbuild/win32-x64/-/win32-x64-0.28.2.tgz 0ms (cache hit)
314 http cache @csstools/css-tokenizer@https://registry.npmjs.org/@csstools/css-tokenizer/-/css-tokenizer-4.0.0.tgz 0ms (cache hit)
315 http cache @csstools/css-color-parser@https://registry.npmjs.org/@csstools/css-color-parser/-/css-color-parser-4.2.2.tgz 0ms (cache hit)
316 http cache @csstools/css-parser-algorithms@https://registry.npmjs.org/@csstools/css-parser-algorithms/-/css-parser-algorithms-4.0.0.tgz 0ms (cache hit)
317 http cache @csstools/color-helpers@https://registry.npmjs.org/@csstools/color-helpers/-/color-helpers-6.1.1.tgz 0ms (cache hit)
318 http cache @bramus/specificity@https://registry.npmjs.org/@bramus/specificity/-/specificity-2.4.2.tgz 0ms (cache hit)
319 http cache @babel/traverse@https://registry.npmjs.org/@babel/traverse/-/traverse-8.0.4.tgz 0ms (cache hit)
320 http cache @csstools/css-calc@https://registry.npmjs.org/@csstools/css-calc/-/css-calc-3.3.0.tgz 0ms (cache hit)
321 http cache @babel/types@https://registry.npmjs.org/@babel/types/-/types-8.0.4.tgz 0ms (cache hit)
322 http cache @babel/parser@https://registry.npmjs.org/@babel/parser/-/parser-8.0.4.tgz 0ms (cache hit)
323 http cache @babel/helpers@https://registry.npmjs.org/@babel/helpers/-/helpers-8.0.0.tgz 0ms (cache hit)
324 http cache @babel/helper-string-parser@https://registry.npmjs.org/@babel/helper-string-parser/-/helper-string-parser-8.0.0.tgz 0ms (cache hit)
325 http cache @babel/template@https://registry.npmjs.org/@babel/template/-/template-8.0.0.tgz 0ms (cache hit)
326 http cache @babel/helper-validator-identifier@https://registry.npmjs.org/@babel/helper-validator-identifier/-/helper-validator-identifier-8.0.4.tgz 0ms (cache hit)
327 http cache @babel/helper-validator-option@https://registry.npmjs.org/@babel/helper-validator-option/-/helper-validator-option-8.0.0.tgz 0ms (cache hit)
328 http cache @babel/helper-split-export-declaration@https://registry.npmjs.org/@babel/helper-split-export-declaration/-/helper-split-export-declaration-7.24.7.tgz 0ms (cache hit)
329 http cache @babel/helper-compilation-targets@https://registry.npmjs.org/@babel/helper-compilation-targets/-/helper-compilation-targets-8.0.0.tgz 0ms (cache hit)
330 http cache @babel/helper-globals@https://registry.npmjs.org/@babel/helper-globals/-/helper-globals-8.0.0.tgz 0ms (cache hit)
331 http cache @babel/helper-annotate-as-pure@https://registry.npmjs.org/@babel/helper-annotate-as-pure/-/helper-annotate-as-pure-8.0.0.tgz 0ms (cache hit)
332 http cache @babel/generator@https://registry.npmjs.org/@babel/generator/-/generator-8.0.0.tgz 0ms (cache hit)
333 http cache @babel/core@https://registry.npmjs.org/@babel/core/-/core-8.0.1.tgz 0ms (cache hit)
334 http cache @babel/code-frame@https://registry.npmjs.org/@babel/code-frame/-/code-frame-8.0.0.tgz 0ms (cache hit)
335 http cache @asamuzakjp/generational-cache@https://registry.npmjs.org/@asamuzakjp/generational-cache/-/generational-cache-1.0.1.tgz 0ms (cache hit)
336 http cache @babel/compat-data@https://registry.npmjs.org/@babel/compat-data/-/compat-data-8.0.0.tgz 0ms (cache hit)
337 http cache @asamuzakjp/nwsapi@https://registry.npmjs.org/@asamuzakjp/nwsapi/-/nwsapi-2.3.9.tgz 0ms (cache hit)
338 http cache @angular/router@https://registry.npmjs.org/@angular/router/-/router-22.1.5.tgz 0ms (cache hit)
339 http cache @asamuzakjp/dom-selector@https://registry.npmjs.org/@asamuzakjp/dom-selector/-/dom-selector-6.8.1.tgz 0ms (cache hit)
340 http cache @angular/platform-browser@https://registry.npmjs.org/@angular/platform-browser/-/platform-browser-22.1.5.tgz 0ms (cache hit)
341 http cache @asamuzakjp/css-color@https://registry.npmjs.org/@asamuzakjp/css-color/-/css-color-5.1.11.tgz 0ms (cache hit)
342 http cache @angular/forms@https://registry.npmjs.org/@angular/forms/-/forms-22.1.5.tgz 0ms (cache hit)
343 http cache @angular/core@https://registry.npmjs.org/@angular/core/-/core-22.1.5.tgz 0ms (cache hit)
344 http cache @angular/compiler@https://registry.npmjs.org/@angular/compiler/-/compiler-22.1.5.tgz 0ms (cache hit)
345 http cache @angular/cli@https://registry.npmjs.org/@angular/cli/-/cli-22.1.7.tgz 0ms (cache hit)
346 http cache @angular/compiler-cli@https://registry.npmjs.org/@angular/compiler-cli/-/compiler-cli-22.1.5.tgz 0ms (cache hit)
347 http cache @angular-devkit/schematics@https://registry.npmjs.org/@angular-devkit/schematics/-/schematics-22.1.7.tgz 0ms (cache hit)
348 http cache @acemir/cssom@https://registry.npmjs.org/@acemir/cssom/-/cssom-0.9.31.tgz 0ms (cache hit)
349 http cache @angular/common@https://registry.npmjs.org/@angular/common/-/common-22.1.5.tgz 0ms (cache hit)
350 http cache @angular/build@https://registry.npmjs.org/@angular/build/-/build-22.1.7.tgz 0ms (cache hit)
351 http cache @ampproject/remapping@https://registry.npmjs.org/@ampproject/remapping/-/remapping-2.3.0.tgz 0ms (cache hit)
352 http cache magic-string@https://registry.npmjs.org/magic-string/-/magic-string-0.30.21.tgz 0ms (cache hit)
353 http cache @angular-devkit/core@https://registry.npmjs.org/@angular-devkit/core/-/core-22.1.7.tgz 0ms (cache hit)
354 http cache rolldown@https://registry.npmjs.org/rolldown/-/rolldown-1.1.5.tgz 0ms (cache hit)
355 http cache content-type@https://registry.npmjs.org/content-type/-/content-type-2.1.0.tgz 0ms (cache hit)
356 http cache @rolldown/binding-win32-x64-msvc@https://registry.npmjs.org/@rolldown/binding-win32-x64-msvc/-/binding-win32-x64-msvc-1.1.5.tgz 0ms (cache hit)
357 http cache @angular-devkit/architect@https://registry.npmjs.org/@angular-devkit/architect/-/architect-0.2201.7.tgz 0ms (cache hit)
358 http cache @oxc-project/types@https://registry.npmjs.org/@oxc-project/types/-/types-0.139.0.tgz 0ms (cache hit)
359 http cache source-map@https://registry.npmjs.org/source-map/-/source-map-0.6.1.tgz 0ms (cache hit)
360 http cache @oxc-project/types@https://registry.npmjs.org/@oxc-project/types/-/types-0.140.0.tgz 0ms (cache hit)
361 http cache entities@https://registry.npmjs.org/entities/-/entities-8.0.0.tgz 0ms (cache hit)
362 http cache agent-base@https://registry.npmjs.org/agent-base/-/agent-base-7.1.4.tgz 0ms (cache hit)
363 http cache entities@https://registry.npmjs.org/entities/-/entities-8.0.0.tgz 0ms (cache hit)
364 http cache entities@https://registry.npmjs.org/entities/-/entities-7.0.1.tgz 0ms (cache hit)
365 http cache agent-base@https://registry.npmjs.org/agent-base/-/agent-base-7.1.4.tgz 0ms (cache hit)
366 http cache content-type@https://registry.npmjs.org/content-type/-/content-type-2.1.0.tgz 0ms (cache hit)
367 http cache convert-source-map@https://registry.npmjs.org/convert-source-map/-/convert-source-map-2.0.0.tgz 0ms (cache hit)
368 http cache https-proxy-agent@https://registry.npmjs.org/https-proxy-agent/-/https-proxy-agent-7.0.6.tgz 0ms (cache hit)
369 http cache content-type@https://registry.npmjs.org/content-type/-/content-type-2.1.0.tgz 0ms (cache hit)
370 http cache string-width@https://registry.npmjs.org/string-width/-/string-width-7.2.0.tgz 0ms (cache hit)
371 http cache wrap-ansi@https://registry.npmjs.org/wrap-ansi/-/wrap-ansi-9.0.2.tgz 0ms (cache hit)
372 http cache magic-string@https://registry.npmjs.org/magic-string/-/magic-string-0.30.21.tgz 0ms (cache hit)
373 http cache node-addon-api@https://registry.npmjs.org/node-addon-api/-/node-addon-api-7.1.1.tgz 0ms (cache hit)
374 http cache magic-string@https://registry.npmjs.org/magic-string/-/magic-string-0.30.21.tgz 0ms (cache hit)
375 http cache @inquirer/core@https://registry.npmjs.org/@inquirer/core/-/core-12.0.2.tgz 0ms (cache hit)
376 http cache @inquirer/core@https://registry.npmjs.org/@inquirer/core/-/core-12.0.2.tgz 0ms (cache hit)
377 http cache @inquirer/core@https://registry.npmjs.org/@inquirer/core/-/core-12.0.2.tgz 0ms (cache hit)
378 http cache @inquirer/core@https://registry.npmjs.org/@inquirer/core/-/core-12.0.2.tgz 0ms (cache hit)
379 http cache @inquirer/core@https://registry.npmjs.org/@inquirer/core/-/core-12.0.2.tgz 0ms (cache hit)
380 http cache @inquirer/core@https://registry.npmjs.org/@inquirer/core/-/core-12.0.2.tgz 0ms (cache hit)
381 http cache @inquirer/core@https://registry.npmjs.org/@inquirer/core/-/core-12.0.2.tgz 0ms (cache hit)
382 http cache @inquirer/core@https://registry.npmjs.org/@inquirer/core/-/core-12.0.2.tgz 0ms (cache hit)
383 http cache @inquirer/core@https://registry.npmjs.org/@inquirer/core/-/core-12.0.2.tgz 0ms (cache hit)
384 http cache convert-source-map@https://registry.npmjs.org/convert-source-map/-/convert-source-map-2.0.0.tgz 0ms (cache hit)
385 silly tarball no local data for zod-to-json-schema@https://registry.npmjs.org/zod-to-json-schema/-/zod-to-json-schema-3.25.2.tgz. Extracting by manifest.
386 silly tarball no local data for zod@https://registry.npmjs.org/zod/-/zod-4.4.3.tgz. Extracting by manifest.
387 silly tarball no local data for yargs-parser@https://registry.npmjs.org/yargs-parser/-/yargs-parser-22.0.0.tgz. Extracting by manifest.
388 silly tarball no local data for yoctocolors@https://registry.npmjs.org/yoctocolors/-/yoctocolors-2.2.0.tgz. Extracting by manifest.
389 http cache @babel/helper-string-parser@https://registry.npmjs.org/@babel/helper-string-parser/-/helper-string-parser-7.29.7.tgz 0ms (cache hit)
390 silly tarball no local data for y18n@https://registry.npmjs.org/y18n/-/y18n-5.0.8.tgz. Extracting by manifest.
391 silly tarball no local data for xmlchars@https://registry.npmjs.org/xmlchars/-/xmlchars-2.2.0.tgz. Extracting by manifest.
392 silly tarball no local data for yargs@https://registry.npmjs.org/yargs/-/yargs-18.1.0.tgz. Extracting by manifest.
393 silly tarball no local data for xml-name-validator@https://registry.npmjs.org/xml-name-validator/-/xml-name-validator-5.0.0.tgz. Extracting by manifest.
394 silly tarball no local data for wrappy@https://registry.npmjs.org/wrappy/-/wrappy-1.0.2.tgz. Extracting by manifest.
395 silly tarball no local data for why-is-node-running@https://registry.npmjs.org/why-is-node-running/-/why-is-node-running-2.3.0.tgz. Extracting by manifest.
396 silly tarball no local data for wrap-ansi@https://registry.npmjs.org/wrap-ansi/-/wrap-ansi-10.0.1.tgz. Extracting by manifest.
397 silly tarball no local data for which@https://registry.npmjs.org/which/-/which-2.0.2.tgz. Extracting by manifest.
398 silly tarball no local data for whatwg-url@https://registry.npmjs.org/whatwg-url/-/whatwg-url-16.0.1.tgz. Extracting by manifest.
399 silly tarball no local data for whatwg-mimetype@https://registry.npmjs.org/whatwg-mimetype/-/whatwg-mimetype-5.0.0.tgz. Extracting by manifest.
400 silly tarball no local data for webidl-conversions@https://registry.npmjs.org/webidl-conversions/-/webidl-conversions-8.0.1.tgz. Extracting by manifest.
401 silly tarball no local data for weak-lru-cache@https://registry.npmjs.org/weak-lru-cache/-/weak-lru-cache-1.2.2.tgz. Extracting by manifest.
402 silly tarball no local data for w3c-xmlserializer@https://registry.npmjs.org/w3c-xmlserializer/-/w3c-xmlserializer-5.0.0.tgz. Extracting by manifest.
403 silly tarball no local data for watchpack@https://registry.npmjs.org/watchpack/-/watchpack-2.5.2.tgz. Extracting by manifest.
404 silly tarball no local data for vitest@https://registry.npmjs.org/vitest/-/vitest-4.1.11.tgz. Extracting by manifest.
405 http cache @babel/helper-validator-identifier@https://registry.npmjs.org/@babel/helper-validator-identifier/-/helper-validator-identifier-7.29.7.tgz 0ms (cache hit)
406 silly tarball no local data for vite@https://registry.npmjs.org/vite/-/vite-8.1.5.tgz. Extracting by manifest.
407 silly tarball no local data for vary@https://registry.npmjs.org/vary/-/vary-1.1.2.tgz. Extracting by manifest.
408 http cache @babel/types@https://registry.npmjs.org/@babel/types/-/types-7.29.8.tgz 0ms (cache hit)
409 silly tarball no local data for validate-npm-package-name@https://registry.npmjs.org/validate-npm-package-name/-/validate-npm-package-name-8.0.0.tgz. Extracting by manifest.
410 silly tarball no local data for update-browserslist-db@https://registry.npmjs.org/update-browserslist-db/-/update-browserslist-db-1.3.2.tgz. Extracting by manifest.
411 silly tarball no local data for unpipe@https://registry.npmjs.org/unpipe/-/unpipe-1.0.0.tgz. Extracting by manifest.
412 silly tarball no local data for type-is@https://registry.npmjs.org/type-is/-/type-is-2.1.0.tgz. Extracting by manifest.
413 silly tarball no local data for tr46@https://registry.npmjs.org/tr46/-/tr46-6.0.0.tgz. Extracting by manifest.
414 silly tarball no local data for typescript@https://registry.npmjs.org/typescript/-/typescript-6.0.3.tgz. Extracting by manifest.
415 silly tarball no local data for tslib@https://registry.npmjs.org/tslib/-/tslib-2.8.1.tgz. Extracting by manifest.
416 silly tarball no local data for undici@https://registry.npmjs.org/undici/-/undici-7.29.0.tgz. Extracting by manifest.
417 silly tarball no local data for toidentifier@https://registry.npmjs.org/toidentifier/-/toidentifier-1.0.1.tgz. Extracting by manifest.
418 silly tarball no local data for tough-cookie@https://registry.npmjs.org/tough-cookie/-/tough-cookie-6.0.2.tgz. Extracting by manifest.
419 silly tarball no local data for tldts-core@https://registry.npmjs.org/tldts-core/-/tldts-core-7.4.11.tgz. Extracting by manifest.
420 silly tarball no local data for tldts@https://registry.npmjs.org/tldts/-/tldts-7.4.11.tgz. Extracting by manifest.
421 silly tarball no local data for tinyrainbow@https://registry.npmjs.org/tinyrainbow/-/tinyrainbow-3.1.1.tgz. Extracting by manifest.
422 silly tarball no local data for symbol-tree@https://registry.npmjs.org/symbol-tree/-/symbol-tree-3.2.4.tgz. Extracting by manifest.
423 silly tarball no local data for strip-ansi@https://registry.npmjs.org/strip-ansi/-/strip-ansi-7.2.0.tgz. Extracting by manifest.
424 silly tarball no local data for tinyexec@https://registry.npmjs.org/tinyexec/-/tinyexec-1.3.1.tgz. Extracting by manifest.
425 silly tarball no local data for std-env@https://registry.npmjs.org/std-env/-/std-env-4.2.0.tgz. Extracting by manifest.
426 silly tarball no local data for tinyglobby@https://registry.npmjs.org/tinyglobby/-/tinyglobby-0.2.17.tgz. Extracting by manifest.
427 silly tarball no local data for stdin-discarder@https://registry.npmjs.org/stdin-discarder/-/stdin-discarder-0.3.2.tgz. Extracting by manifest.
428 silly tarball no local data for string-width@https://registry.npmjs.org/string-width/-/string-width-8.2.2.tgz. Extracting by manifest.
429 silly tarball no local data for stackback@https://registry.npmjs.org/stackback/-/stackback-0.0.2.tgz. Extracting by manifest.
430 silly tarball no local data for statuses@https://registry.npmjs.org/statuses/-/statuses-2.0.2.tgz. Extracting by manifest.
431 silly tarball no local data for source-map-js@https://registry.npmjs.org/source-map-js/-/source-map-js-1.2.1.tgz. Extracting by manifest.
432 silly tarball no local data for source-map-support@https://registry.npmjs.org/source-map-support/-/source-map-support-0.5.21.tgz. Extracting by manifest.
433 silly tarball no local data for source-map@https://registry.npmjs.org/source-map/-/source-map-0.7.6.tgz. Extracting by manifest.
434 silly tarball no local data for siginfo@https://registry.npmjs.org/siginfo/-/siginfo-2.0.0.tgz. Extracting by manifest.
435 silly tarball no local data for slice-ansi@https://registry.npmjs.org/slice-ansi/-/slice-ansi-9.0.0.tgz. Extracting by manifest.
436 silly tarball no local data for signal-exit@https://registry.npmjs.org/signal-exit/-/signal-exit-4.1.0.tgz. Extracting by manifest.
437 silly tarball no local data for tinybench@https://registry.npmjs.org/tinybench/-/tinybench-2.9.0.tgz. Extracting by manifest.
438 silly tarball no local data for side-channel-map@https://registry.npmjs.org/side-channel-map/-/side-channel-map-1.0.1.tgz. Extracting by manifest.
439 silly tarball no local data for side-channel-weakmap@https://registry.npmjs.org/side-channel-weakmap/-/side-channel-weakmap-1.0.2.tgz. Extracting by manifest.
440 silly tarball no local data for side-channel-list@https://registry.npmjs.org/side-channel-list/-/side-channel-list-1.0.1.tgz. Extracting by manifest.
441 silly tarball no local data for side-channel@https://registry.npmjs.org/side-channel/-/side-channel-1.1.1.tgz. Extracting by manifest.
442 silly tarball no local data for shebang-regex@https://registry.npmjs.org/shebang-regex/-/shebang-regex-3.0.0.tgz. Extracting by manifest.
443 silly tarball no local data for shebang-command@https://registry.npmjs.org/shebang-command/-/shebang-command-2.0.0.tgz. Extracting by manifest.
444 silly tarball no local data for setprototypeof@https://registry.npmjs.org/setprototypeof/-/setprototypeof-1.2.0.tgz. Extracting by manifest.
445 silly tarball no local data for serve-static@https://registry.npmjs.org/serve-static/-/serve-static-2.2.1.tgz. Extracting by manifest.
446 silly tarball no local data for send@https://registry.npmjs.org/send/-/send-1.2.1.tgz. Extracting by manifest.
447 silly tarball no local data for semver@https://registry.npmjs.org/semver/-/semver-7.8.5.tgz. Extracting by manifest.
448 silly tarball no local data for safer-buffer@https://registry.npmjs.org/safer-buffer/-/safer-buffer-2.1.2.tgz. Extracting by manifest.
449 silly tarball no local data for rxjs@https://registry.npmjs.org/rxjs/-/rxjs-7.8.2.tgz. Extracting by manifest.
450 silly tarball no local data for saxes@https://registry.npmjs.org/saxes/-/saxes-6.0.0.tgz. Extracting by manifest.
451 silly tarball no local data for rolldown@https://registry.npmjs.org/rolldown/-/rolldown-1.2.0.tgz. Extracting by manifest.
452 silly tarball no local data for router@https://registry.npmjs.org/router/-/router-2.2.0.tgz. Extracting by manifest.
453 silly tarball no local data for require-from-string@https://registry.npmjs.org/require-from-string/-/require-from-string-2.0.2.tgz. Extracting by manifest.
454 silly tarball no local data for restore-cursor@https://registry.npmjs.org/restore-cursor/-/restore-cursor-5.1.0.tgz. Extracting by manifest.
455 silly tarball no local data for readdirp@https://registry.npmjs.org/readdirp/-/readdirp-5.1.1.tgz. Extracting by manifest.
456 silly tarball no local data for reflect-metadata@https://registry.npmjs.org/reflect-metadata/-/reflect-metadata-0.2.2.tgz. Extracting by manifest.
457 silly tarball no local data for raw-body@https://registry.npmjs.org/raw-body/-/raw-body-3.0.2.tgz. Extracting by manifest.
458 silly tarball no local data for sass@https://registry.npmjs.org/sass/-/sass-1.101.0.tgz. Extracting by manifest.
459 silly tarball no local data for qs@https://registry.npmjs.org/qs/-/qs-6.16.0.tgz. Extracting by manifest.
460 silly tarball no local data for proxy-agent-negotiate@https://registry.npmjs.org/proxy-agent-negotiate/-/proxy-agent-negotiate-1.1.0.tgz. Extracting by manifest.
461 silly tarball no local data for proxy-addr@https://registry.npmjs.org/proxy-addr/-/proxy-addr-2.0.7.tgz. Extracting by manifest.
462 silly tarball no local data for punycode@https://registry.npmjs.org/punycode/-/punycode-2.3.1.tgz. Extracting by manifest.
463 silly tarball no local data for proc-log@https://registry.npmjs.org/proc-log/-/proc-log-7.0.0.tgz. Extracting by manifest.
464 silly tarball no local data for range-parser@https://registry.npmjs.org/range-parser/-/range-parser-1.3.0.tgz. Extracting by manifest.
465 silly tarball no local data for prettier@https://registry.npmjs.org/prettier/-/prettier-3.9.6.tgz. Extracting by manifest.
466 silly tarball no local data for postcss-media-query-parser@https://registry.npmjs.org/postcss-media-query-parser/-/postcss-media-query-parser-0.2.3.tgz. Extracting by manifest.
467 silly tarball no local data for postcss@https://registry.npmjs.org/postcss/-/postcss-8.5.28.tgz. Extracting by manifest.
468 silly tarball no local data for piscina@https://registry.npmjs.org/piscina/-/piscina-5.2.0.tgz. Extracting by manifest.
469 silly tarball no local data for postcss-safe-parser@https://registry.npmjs.org/postcss-safe-parser/-/postcss-safe-parser-7.0.1.tgz. Extracting by manifest.
470 silly tarball no local data for picomatch@https://registry.npmjs.org/picomatch/-/picomatch-4.0.5.tgz. Extracting by manifest.
471 silly tarball no local data for pkce-challenge@https://registry.npmjs.org/pkce-challenge/-/pkce-challenge-5.0.1.tgz. Extracting by manifest.
472 silly tarball no local data for picocolors@https://registry.npmjs.org/picocolors/-/picocolors-1.1.1.tgz. Extracting by manifest.
473 silly tarball no local data for path-to-regexp@https://registry.npmjs.org/path-to-regexp/-/path-to-regexp-8.4.2.tgz. Extracting by manifest.
474 silly tarball no local data for path-key@https://registry.npmjs.org/path-key/-/path-key-3.1.1.tgz. Extracting by manifest.
475 silly tarball no local data for parse5-sax-parser@https://registry.npmjs.org/parse5-sax-parser/-/parse5-sax-parser-8.0.0.tgz. Extracting by manifest.
476 silly tarball no local data for pathe@https://registry.npmjs.org/pathe/-/pathe-2.0.3.tgz. Extracting by manifest.
477 silly tarball no local data for parseurl@https://registry.npmjs.org/parseurl/-/parseurl-1.3.3.tgz. Extracting by manifest.
478 silly tarball no local data for parse5-html-rewriting-stream@https://registry.npmjs.org/parse5-html-rewriting-stream/-/parse5-html-rewriting-stream-8.0.1.tgz. Extracting by manifest.
479 silly tarball no local data for oxc-parser@https://registry.npmjs.org/oxc-parser/-/oxc-parser-0.142.0.tgz. Extracting by manifest.
480 silly tarball no local data for onetime@https://registry.npmjs.org/onetime/-/onetime-7.0.0.tgz. Extracting by manifest.
481 silly tarball no local data for ora@https://registry.npmjs.org/ora/-/ora-9.4.1.tgz. Extracting by manifest.
482 silly tarball no local data for parse5@https://registry.npmjs.org/parse5/-/parse5-8.0.1.tgz. Extracting by manifest.
483 silly tarball no local data for once@https://registry.npmjs.org/once/-/once-1.4.0.tgz. Extracting by manifest.
484 silly tarball no local data for on-finished@https://registry.npmjs.org/on-finished/-/on-finished-2.4.1.tgz. Extracting by manifest.
485 silly tarball no local data for ordered-binary@https://registry.npmjs.org/ordered-binary/-/ordered-binary-1.6.1.tgz. Extracting by manifest.
486 silly tarball no local data for object-assign@https://registry.npmjs.org/object-assign/-/object-assign-4.1.1.tgz. Extracting by manifest.
487 silly tarball no local data for nth-check@https://registry.npmjs.org/nth-check/-/nth-check-2.1.1.tgz. Extracting by manifest.
488 silly tarball no local data for object-inspect@https://registry.npmjs.org/object-inspect/-/object-inspect-1.13.4.tgz. Extracting by manifest.
489 silly tarball no local data for obug@https://registry.npmjs.org/obug/-/obug-2.1.4.tgz. Extracting by manifest.
490 silly tarball no local data for npm-package-arg@https://registry.npmjs.org/npm-package-arg/-/npm-package-arg-14.0.0.tgz. Extracting by manifest.
491 silly tarball no local data for node-addon-api@https://registry.npmjs.org/node-addon-api/-/node-addon-api-6.1.0.tgz. Extracting by manifest.
492 silly tarball no local data for node-gyp-build-optional-packages@https://registry.npmjs.org/node-gyp-build-optional-packages/-/node-gyp-build-optional-packages-5.2.2.tgz. Extracting by manifest.
493 silly tarball no local data for negotiator@https://registry.npmjs.org/negotiator/-/negotiator-1.1.0.tgz. Extracting by manifest.
494 silly tarball no local data for nanoid@https://registry.npmjs.org/nanoid/-/nanoid-3.3.18.tgz. Extracting by manifest.
495 silly tarball no local data for mute-stream@https://registry.npmjs.org/mute-stream/-/mute-stream-3.0.0.tgz. Extracting by manifest.
496 silly tarball no local data for node-releases@https://registry.npmjs.org/node-releases/-/node-releases-2.0.54.tgz. Extracting by manifest.
497 silly tarball no local data for msgpackr-extract@https://registry.npmjs.org/msgpackr-extract/-/msgpackr-extract-3.0.4.tgz. Extracting by manifest.
498 silly tarball no local data for ms@https://registry.npmjs.org/ms/-/ms-2.1.3.tgz. Extracting by manifest.
499 silly tarball no local data for msgpackr@https://registry.npmjs.org/msgpackr/-/msgpackr-1.12.1.tgz. Extracting by manifest.
500 silly tarball no local data for merge-descriptors@https://registry.npmjs.org/merge-descriptors/-/merge-descriptors-2.0.0.tgz. Extracting by manifest.
501 silly tarball no local data for mimic-function@https://registry.npmjs.org/mimic-function/-/mimic-function-5.0.1.tgz. Extracting by manifest.
502 silly tarball no local data for mime-types@https://registry.npmjs.org/mime-types/-/mime-types-3.0.2.tgz. Extracting by manifest.
503 silly tarball no local data for mime-db@https://registry.npmjs.org/mime-db/-/mime-db-1.54.0.tgz. Extracting by manifest.
504 silly tarball no local data for mrmime@https://registry.npmjs.org/mrmime/-/mrmime-2.0.1.tgz. Extracting by manifest.
505 silly tarball no local data for media-typer@https://registry.npmjs.org/media-typer/-/media-typer-1.1.1.tgz. Extracting by manifest.
506 silly tarball no local data for magic-string@https://registry.npmjs.org/magic-string/-/magic-string-1.0.0.tgz. Extracting by manifest.
507 silly tarball no local data for mdn-data@https://registry.npmjs.org/mdn-data/-/mdn-data-2.27.1.tgz. Extracting by manifest.
508 silly tarball no local data for lru-cache@https://registry.npmjs.org/lru-cache/-/lru-cache-11.5.2.tgz. Extracting by manifest.
509 silly tarball no local data for math-intrinsics@https://registry.npmjs.org/math-intrinsics/-/math-intrinsics-1.1.0.tgz. Extracting by manifest.
510 silly tarball no local data for log-update@https://registry.npmjs.org/log-update/-/log-update-8.0.0.tgz. Extracting by manifest.
511 silly tarball no local data for lmdb@https://registry.npmjs.org/lmdb/-/lmdb-3.5.6.tgz. Extracting by manifest.
512 silly tarball no local data for log-symbols@https://registry.npmjs.org/log-symbols/-/log-symbols-7.0.1.tgz. Extracting by manifest.
513 silly tarball no local data for listr2@https://registry.npmjs.org/listr2/-/listr2-11.0.0.tgz. Extracting by manifest.
514 silly tarball no local data for lightningcss-win32-x64-msvc@https://registry.npmjs.org/lightningcss-win32-x64-msvc/-/lightningcss-win32-x64-msvc-1.33.0.tgz. Extracting by manifest.
515 silly tarball no local data for lightningcss@https://registry.npmjs.org/lightningcss/-/lightningcss-1.33.0.tgz. Extracting by manifest.
516 silly tarball no local data for jsonc-parser@https://registry.npmjs.org/jsonc-parser/-/jsonc-parser-3.3.1.tgz. Extracting by manifest.
517 silly tarball no local data for json-schema-typed@https://registry.npmjs.org/json-schema-typed/-/json-schema-typed-8.0.2.tgz. Extracting by manifest.
518 silly tarball no local data for json-schema-traverse@https://registry.npmjs.org/json-schema-traverse/-/json-schema-traverse-1.0.0.tgz. Extracting by manifest.
519 silly tarball no local data for json5@https://registry.npmjs.org/json5/-/json5-2.2.3.tgz. Extracting by manifest.
520 silly tarball no local data for jsdom@https://registry.npmjs.org/jsdom/-/jsdom-28.1.0.tgz. Extracting by manifest.
521 silly tarball no local data for js-tokens@https://registry.npmjs.org/js-tokens/-/js-tokens-10.0.0.tgz. Extracting by manifest.
522 silly tarball no local data for jsesc@https://registry.npmjs.org/jsesc/-/jsesc-3.1.0.tgz. Extracting by manifest.
523 silly tarball no local data for isexe@https://registry.npmjs.org/isexe/-/isexe-2.0.0.tgz. Extracting by manifest.
524 silly tarball no local data for is-promise@https://registry.npmjs.org/is-promise/-/is-promise-4.0.0.tgz. Extracting by manifest.
525 silly tarball no local data for is-unicode-supported@https://registry.npmjs.org/is-unicode-supported/-/is-unicode-supported-2.1.0.tgz. Extracting by manifest.
526 silly tarball no local data for jose@https://registry.npmjs.org/jose/-/jose-6.2.10.tgz. Extracting by manifest.
527 silly tarball no local data for is-interactive@https://registry.npmjs.org/is-interactive/-/is-interactive-2.0.0.tgz. Extracting by manifest.
528 silly tarball no local data for is-glob@https://registry.npmjs.org/is-glob/-/is-glob-4.0.3.tgz. Extracting by manifest.
529 silly tarball no local data for is-extglob@https://registry.npmjs.org/is-extglob/-/is-extglob-2.1.1.tgz. Extracting by manifest.
530 silly tarball no local data for is-fullwidth-code-point@https://registry.npmjs.org/is-fullwidth-code-point/-/is-fullwidth-code-point-5.1.0.tgz. Extracting by manifest.
531 silly tarball no local data for ipaddr.js@https://registry.npmjs.org/ipaddr.js/-/ipaddr.js-1.9.1.tgz. Extracting by manifest.
532 silly tarball no local data for is-potential-custom-element-name@https://registry.npmjs.org/is-potential-custom-element-name/-/is-potential-custom-element-name-1.0.1.tgz. Extracting by manifest.
533 silly tarball no local data for ip-address@https://registry.npmjs.org/ip-address/-/ip-address-10.7.0.tgz. Extracting by manifest.
534 silly tarball no local data for import-meta-resolve@https://registry.npmjs.org/import-meta-resolve/-/import-meta-resolve-4.2.0.tgz. Extracting by manifest.
535 silly tarball no local data for inherits@https://registry.npmjs.org/inherits/-/inherits-2.0.4.tgz. Extracting by manifest.
536 silly tarball no local data for iconv-lite@https://registry.npmjs.org/iconv-lite/-/iconv-lite-0.7.3.tgz. Extracting by manifest.
537 silly tarball no local data for https-proxy-agent@https://registry.npmjs.org/https-proxy-agent/-/https-proxy-agent-9.1.0.tgz. Extracting by manifest.
538 silly tarball no local data for http-errors@https://registry.npmjs.org/http-errors/-/http-errors-2.0.1.tgz. Extracting by manifest.
539 silly tarball no local data for immutable@https://registry.npmjs.org/immutable/-/immutable-5.1.9.tgz. Extracting by manifest.
540 silly tarball no local data for http-proxy-agent@https://registry.npmjs.org/http-proxy-agent/-/http-proxy-agent-7.0.2.tgz. Extracting by manifest.
541 silly tarball no local data for htmlparser2@https://registry.npmjs.org/htmlparser2/-/htmlparser2-10.1.0.tgz. Extracting by manifest.
542 silly tarball no local data for hono@https://registry.npmjs.org/hono/-/hono-4.13.5.tgz. Extracting by manifest.
543 silly tarball no local data for hasown@https://registry.npmjs.org/hasown/-/hasown-2.0.4.tgz. Extracting by manifest.
544 silly tarball no local data for hosted-git-info@https://registry.npmjs.org/hosted-git-info/-/hosted-git-info-10.1.1.tgz. Extracting by manifest.
545 silly tarball no local data for has-symbols@https://registry.npmjs.org/has-symbols/-/has-symbols-1.1.0.tgz. Extracting by manifest.
546 silly tarball no local data for html-encoding-sniffer@https://registry.npmjs.org/html-encoding-sniffer/-/html-encoding-sniffer-6.0.0.tgz. Extracting by manifest.
547 silly tarball no local data for gopd@https://registry.npmjs.org/gopd/-/gopd-1.2.0.tgz. Extracting by manifest.
548 silly tarball no local data for get-proto@https://registry.npmjs.org/get-proto/-/get-proto-1.0.1.tgz. Extracting by manifest.
549 silly tarball no local data for graceful-fs@https://registry.npmjs.org/graceful-fs/-/graceful-fs-4.2.11.tgz. Extracting by manifest.
550 silly tarball no local data for get-east-asian-width@https://registry.npmjs.org/get-east-asian-width/-/get-east-asian-width-1.6.0.tgz. Extracting by manifest.
551 silly tarball no local data for get-intrinsic@https://registry.npmjs.org/get-intrinsic/-/get-intrinsic-1.3.0.tgz. Extracting by manifest.
552 silly tarball no local data for get-caller-file@https://registry.npmjs.org/get-caller-file/-/get-caller-file-2.0.5.tgz. Extracting by manifest.
553 silly tarball no local data for gensync@https://registry.npmjs.org/gensync/-/gensync-1.0.0-beta.2.tgz. Extracting by manifest.
554 silly tarball no local data for fresh@https://registry.npmjs.org/fresh/-/fresh-2.0.0.tgz. Extracting by manifest.
555 silly tarball no local data for forwarded@https://registry.npmjs.org/forwarded/-/forwarded-0.2.0.tgz. Extracting by manifest.
556 silly tarball no local data for function-bind@https://registry.npmjs.org/function-bind/-/function-bind-1.1.2.tgz. Extracting by manifest.
557 silly tarball no local data for fast-wrap-ansi@https://registry.npmjs.org/fast-wrap-ansi/-/fast-wrap-ansi-0.2.2.tgz. Extracting by manifest.
558 silly tarball no local data for fast-string-truncated-width@https://registry.npmjs.org/fast-string-truncated-width/-/fast-string-truncated-width-3.0.3.tgz. Extracting by manifest.
559 silly tarball no local data for fast-string-width@https://registry.npmjs.org/fast-string-width/-/fast-string-width-3.0.2.tgz. Extracting by manifest.
560 silly tarball no local data for fdir@https://registry.npmjs.org/fdir/-/fdir-6.5.0.tgz. Extracting by manifest.
561 silly tarball no local data for fast-deep-equal@https://registry.npmjs.org/fast-deep-equal/-/fast-deep-equal-3.1.3.tgz. Extracting by manifest.
562 silly tarball no local data for fast-uri@https://registry.npmjs.org/fast-uri/-/fast-uri-3.1.7.tgz. Extracting by manifest.
563 silly tarball no local data for eventsource-parser@https://registry.npmjs.org/eventsource-parser/-/eventsource-parser-3.1.1.tgz. Extracting by manifest.
564 silly tarball no local data for finalhandler@https://registry.npmjs.org/finalhandler/-/finalhandler-2.1.1.tgz. Extracting by manifest.
565 silly tarball no local data for express@https://registry.npmjs.org/express/-/express-5.2.1.tgz. Extracting by manifest.
566 silly tarball no local data for eventsource@https://registry.npmjs.org/eventsource/-/eventsource-3.0.7.tgz. Extracting by manifest.
567 silly tarball no local data for etag@https://registry.npmjs.org/etag/-/etag-1.8.1.tgz. Extracting by manifest.
568 silly tarball no local data for estree-walker@https://registry.npmjs.org/estree-walker/-/estree-walker-3.0.3.tgz. Extracting by manifest.
569 silly tarball no local data for escape-html@https://registry.npmjs.org/escape-html/-/escape-html-1.0.3.tgz. Extracting by manifest.
570 silly tarball no local data for express-rate-limit@https://registry.npmjs.org/express-rate-limit/-/express-rate-limit-8.7.0.tgz. Extracting by manifest.
571 silly tarball no local data for escalade@https://registry.npmjs.org/escalade/-/escalade-3.2.0.tgz. Extracting by manifest.
572 silly tarball no local data for es-module-lexer@https://registry.npmjs.org/es-module-lexer/-/es-module-lexer-2.3.2.tgz. Extracting by manifest.
573 silly tarball no local data for expect-type@https://registry.npmjs.org/expect-type/-/expect-type-1.4.0.tgz. Extracting by manifest.
574 silly tarball no local data for es-object-atoms@https://registry.npmjs.org/es-object-atoms/-/es-object-atoms-1.1.2.tgz. Extracting by manifest.
575 silly tarball no local data for esbuild@https://registry.npmjs.org/esbuild/-/esbuild-0.28.2.tgz. Extracting by manifest.
576 silly tarball no local data for es-errors@https://registry.npmjs.org/es-errors/-/es-errors-1.3.0.tgz. Extracting by manifest.
577 silly tarball no local data for es-define-property@https://registry.npmjs.org/es-define-property/-/es-define-property-1.0.1.tgz. Extracting by manifest.
578 silly tarball no local data for entities@https://registry.npmjs.org/entities/-/entities-4.5.0.tgz. Extracting by manifest.
579 silly tarball no local data for environment@https://registry.npmjs.org/environment/-/environment-1.1.0.tgz. Extracting by manifest.
580 silly tarball no local data for encodeurl@https://registry.npmjs.org/encodeurl/-/encodeurl-2.0.0.tgz. Extracting by manifest.
581 silly tarball no local data for empathic@https://registry.npmjs.org/empathic/-/empathic-2.0.1.tgz. Extracting by manifest.
582 silly tarball no local data for emoji-regex@https://registry.npmjs.org/emoji-regex/-/emoji-regex-10.6.0.tgz. Extracting by manifest.
583 silly tarball no local data for electron-to-chromium@https://registry.npmjs.org/electron-to-chromium/-/electron-to-chromium-1.5.421.tgz. Extracting by manifest.
584 silly tarball no local data for dunder-proto@https://registry.npmjs.org/dunder-proto/-/dunder-proto-1.0.1.tgz. Extracting by manifest.
585 silly tarball no local data for domutils@https://registry.npmjs.org/domutils/-/domutils-3.2.2.tgz. Extracting by manifest.
586 silly tarball no local data for domelementtype@https://registry.npmjs.org/domelementtype/-/domelementtype-2.3.0.tgz. Extracting by manifest.
587 silly tarball no local data for detect-libc@https://registry.npmjs.org/detect-libc/-/detect-libc-2.1.2.tgz. Extracting by manifest.
588 silly tarball no local data for dom-serializer@https://registry.npmjs.org/dom-serializer/-/dom-serializer-2.0.0.tgz. Extracting by manifest.
589 silly tarball no local data for ee-first@https://registry.npmjs.org/ee-first/-/ee-first-1.1.1.tgz. Extracting by manifest.
590 silly tarball no local data for depd@https://registry.npmjs.org/depd/-/depd-2.0.0.tgz. Extracting by manifest.
591 silly tarball no local data for decimal.js@https://registry.npmjs.org/decimal.js/-/decimal.js-10.6.0.tgz. Extracting by manifest.
592 silly tarball no local data for debug@https://registry.npmjs.org/debug/-/debug-4.4.3.tgz. Extracting by manifest.
593 silly tarball no local data for data-urls@https://registry.npmjs.org/data-urls/-/data-urls-7.0.0.tgz. Extracting by manifest.
594 silly tarball no local data for cssstyle@https://registry.npmjs.org/cssstyle/-/cssstyle-6.2.0.tgz. Extracting by manifest.
595 silly tarball no local data for css-what@https://registry.npmjs.org/css-what/-/css-what-7.0.0.tgz. Extracting by manifest.
596 silly tarball no local data for cors@https://registry.npmjs.org/cors/-/cors-2.8.6.tgz. Extracting by manifest.
597 silly tarball no local data for css-tree@https://registry.npmjs.org/css-tree/-/css-tree-3.2.1.tgz. Extracting by manifest.
598 silly tarball no local data for cross-spawn@https://registry.npmjs.org/cross-spawn/-/cross-spawn-7.0.6.tgz. Extracting by manifest.
599 silly tarball no local data for css-select@https://registry.npmjs.org/css-select/-/css-select-6.0.0.tgz. Extracting by manifest.
600 silly tarball no local data for cookie-signature@https://registry.npmjs.org/cookie-signature/-/cookie-signature-1.2.2.tgz. Extracting by manifest.
601 silly tarball no local data for content-type@https://registry.npmjs.org/content-type/-/content-type-1.0.5.tgz. Extracting by manifest.
602 silly tarball no local data for cookie@https://registry.npmjs.org/cookie/-/cookie-0.7.2.tgz. Extracting by manifest.
603 silly tarball no local data for convert-source-map@https://registry.npmjs.org/convert-source-map/-/convert-source-map-1.9.0.tgz. Extracting by manifest.
604 silly tarball no local data for content-disposition@https://registry.npmjs.org/content-disposition/-/content-disposition-1.1.0.tgz. Extracting by manifest.
605 silly tarball no local data for cliui@https://registry.npmjs.org/cliui/-/cliui-9.0.1.tgz. Extracting by manifest.
606 silly tarball no local data for cli-spinners@https://registry.npmjs.org/cli-spinners/-/cli-spinners-3.4.0.tgz. Extracting by manifest.
607 silly tarball no local data for cli-truncate@https://registry.npmjs.org/cli-truncate/-/cli-truncate-6.1.1.tgz. Extracting by manifest.
608 silly tarball no local data for cli-width@https://registry.npmjs.org/cli-width/-/cli-width-4.1.0.tgz. Extracting by manifest.
609 silly tarball no local data for cli-cursor@https://registry.npmjs.org/cli-cursor/-/cli-cursor-5.0.0.tgz. Extracting by manifest.
610 silly tarball no local data for chokidar@https://registry.npmjs.org/chokidar/-/chokidar-5.0.0.tgz. Extracting by manifest.
611 silly tarball no local data for chardet@https://registry.npmjs.org/chardet/-/chardet-2.2.0.tgz. Extracting by manifest.
612 silly tarball no local data for chai@https://registry.npmjs.org/chai/-/chai-6.2.2.tgz. Extracting by manifest.
613 silly tarball no local data for chalk@https://registry.npmjs.org/chalk/-/chalk-5.6.2.tgz. Extracting by manifest.
614 silly tarball no local data for caniuse-lite@https://registry.npmjs.org/caniuse-lite/-/caniuse-lite-1.0.30001810.tgz. Extracting by manifest.
615 silly tarball no local data for domhandler@https://registry.npmjs.org/domhandler/-/domhandler-5.0.3.tgz. Extracting by manifest.
616 silly tarball no local data for call-bind-apply-helpers@https://registry.npmjs.org/call-bind-apply-helpers/-/call-bind-apply-helpers-1.0.2.tgz. Extracting by manifest.
617 silly tarball no local data for call-bound@https://registry.npmjs.org/call-bound/-/call-bound-1.0.4.tgz. Extracting by manifest.
618 silly tarball no local data for bytes@https://registry.npmjs.org/bytes/-/bytes-3.1.2.tgz. Extracting by manifest.
619 silly tarball no local data for buffer-from@https://registry.npmjs.org/buffer-from/-/buffer-from-1.1.2.tgz. Extracting by manifest.
620 silly tarball no local data for boolbase@https://registry.npmjs.org/boolbase/-/boolbase-1.0.0.tgz. Extracting by manifest.
621 silly tarball no local data for bidi-js@https://registry.npmjs.org/bidi-js/-/bidi-js-1.0.3.tgz. Extracting by manifest.
622 silly tarball no local data for browserslist@https://registry.npmjs.org/browserslist/-/browserslist-4.28.8.tgz. Extracting by manifest.
623 silly tarball no local data for body-parser@https://registry.npmjs.org/body-parser/-/body-parser-2.3.0.tgz. Extracting by manifest.
624 silly tarball no local data for beasties@https://registry.npmjs.org/beasties/-/beasties-0.4.3.tgz. Extracting by manifest.
625 silly tarball no local data for ansi-styles@https://registry.npmjs.org/ansi-styles/-/ansi-styles-6.2.3.tgz. Extracting by manifest.
626 silly tarball no local data for baseline-browser-mapping@https://registry.npmjs.org/baseline-browser-mapping/-/baseline-browser-mapping-2.11.21.tgz. Extracting by manifest.
627 silly tarball no local data for assertion-error@https://registry.npmjs.org/assertion-error/-/assertion-error-2.0.1.tgz. Extracting by manifest.
628 silly tarball no local data for ansi-escapes@https://registry.npmjs.org/ansi-escapes/-/ansi-escapes-7.3.0.tgz. Extracting by manifest.
629 silly tarball no local data for ansi-regex@https://registry.npmjs.org/ansi-regex/-/ansi-regex-6.3.0.tgz. Extracting by manifest.
630 silly tarball no local data for ajv-formats@https://registry.npmjs.org/ajv-formats/-/ajv-formats-3.0.1.tgz. Extracting by manifest.
631 silly tarball no local data for @vitest/utils@https://registry.npmjs.org/@vitest/utils/-/utils-4.1.11.tgz. Extracting by manifest.
632 silly tarball no local data for ajv@https://registry.npmjs.org/ajv/-/ajv-8.20.0.tgz. Extracting by manifest.
633 silly tarball no local data for accepts@https://registry.npmjs.org/accepts/-/accepts-2.0.0.tgz. Extracting by manifest.
634 silly tarball no local data for @vitest/spy@https://registry.npmjs.org/@vitest/spy/-/spy-4.1.11.tgz. Extracting by manifest.
635 silly tarball no local data for @vitejs/plugin-basic-ssl@https://registry.npmjs.org/@vitejs/plugin-basic-ssl/-/plugin-basic-ssl-2.3.0.tgz. Extracting by manifest.
636 silly tarball no local data for @types/jsesc@https://registry.npmjs.org/@types/jsesc/-/jsesc-2.5.1.tgz. Extracting by manifest.
637 silly tarball no local data for @vitest/snapshot@https://registry.npmjs.org/@vitest/snapshot/-/snapshot-4.1.11.tgz. Extracting by manifest.
638 silly tarball no local data for @vitest/runner@https://registry.npmjs.org/@vitest/runner/-/runner-4.1.11.tgz. Extracting by manifest.
639 silly tarball no local data for @vitest/mocker@https://registry.npmjs.org/@vitest/mocker/-/mocker-4.1.11.tgz. Extracting by manifest.
640 silly tarball no local data for @vitest/expect@https://registry.npmjs.org/@vitest/expect/-/expect-4.1.11.tgz. Extracting by manifest.
641 silly tarball no local data for @types/gensync@https://registry.npmjs.org/@types/gensync/-/gensync-1.0.5.tgz. Extracting by manifest.
642 silly tarball no local data for @vitest/pretty-format@https://registry.npmjs.org/@vitest/pretty-format/-/pretty-format-4.1.11.tgz. Extracting by manifest.
643 silly tarball no local data for @types/estree@https://registry.npmjs.org/@types/estree/-/estree-1.0.9.tgz. Extracting by manifest.
644 silly tarball no local data for @schematics/angular@https://registry.npmjs.org/@schematics/angular/-/angular-22.1.7.tgz. Extracting by manifest.
645 silly tarball no local data for @standard-schema/spec@https://registry.npmjs.org/@standard-schema/spec/-/spec-1.1.0.tgz. Extracting by manifest.
646 silly tarball no local data for @types/deep-eql@https://registry.npmjs.org/@types/deep-eql/-/deep-eql-4.0.2.tgz. Extracting by manifest.
647 silly tarball no local data for @parcel/watcher-win32-x64@https://registry.npmjs.org/@parcel/watcher-win32-x64/-/watcher-win32-x64-2.6.0.tgz. Extracting by manifest.
648 silly tarball no local data for @types/chai@https://registry.npmjs.org/@types/chai/-/chai-5.2.3.tgz. Extracting by manifest.
649 silly tarball no local data for @parcel/watcher@https://registry.npmjs.org/@parcel/watcher/-/watcher-2.6.0.tgz. Extracting by manifest.
650 silly tarball no local data for agent-base@https://registry.npmjs.org/agent-base/-/agent-base-9.0.0.tgz. Extracting by manifest.
651 silly tarball no local data for @oxc-project/types@https://registry.npmjs.org/@oxc-project/types/-/types-0.142.0.tgz. Extracting by manifest.
652 silly tarball no local data for @oxc-parser/binding-win32-x64-msvc@https://registry.npmjs.org/@oxc-parser/binding-win32-x64-msvc/-/binding-win32-x64-msvc-0.142.0.tgz. Extracting by manifest.
653 silly tarball no local data for @rolldown/binding-win32-x64-msvc@https://registry.npmjs.org/@rolldown/binding-win32-x64-msvc/-/binding-win32-x64-msvc-1.2.0.tgz. Extracting by manifest.
654 silly tarball no local data for @rolldown/pluginutils@https://registry.npmjs.org/@rolldown/pluginutils/-/pluginutils-1.0.1.tgz. Extracting by manifest.
655 silly tarball no local data for @napi-rs/nice-win32-x64-msvc@https://registry.npmjs.org/@napi-rs/nice-win32-x64-msvc/-/nice-win32-x64-msvc-1.1.1.tgz. Extracting by manifest.
656 silly tarball no local data for @lmdb/lmdb-win32-x64@https://registry.npmjs.org/@lmdb/lmdb-win32-x64/-/lmdb-win32-x64-3.5.6.tgz. Extracting by manifest.
657 silly tarball no local data for @msgpackr-extract/msgpackr-extract-win32-x64@https://registry.npmjs.org/@msgpackr-extract/msgpackr-extract-win32-x64/-/msgpackr-extract-win32-x64-3.0.4.tgz. Extracting by manifest.
658 silly tarball no local data for @modelcontextprotocol/sdk@https://registry.npmjs.org/@modelcontextprotocol/sdk/-/sdk-1.30.0.tgz. Extracting by manifest.
659 silly tarball no local data for @napi-rs/nice@https://registry.npmjs.org/@napi-rs/nice/-/nice-1.1.1.tgz. Extracting by manifest.
660 silly tarball no local data for @listr2/prompt-adapter-inquirer@https://registry.npmjs.org/@listr2/prompt-adapter-inquirer/-/prompt-adapter-inquirer-4.2.5.tgz. Extracting by manifest.
661 silly tarball no local data for @jridgewell/trace-mapping@https://registry.npmjs.org/@jridgewell/trace-mapping/-/trace-mapping-0.3.31.tgz. Extracting by manifest.
662 silly tarball no local data for @jridgewell/sourcemap-codec@https://registry.npmjs.org/@jridgewell/sourcemap-codec/-/sourcemap-codec-1.6.0.tgz. Extracting by manifest.
663 silly tarball no local data for @inquirer/type@https://registry.npmjs.org/@inquirer/type/-/type-4.1.1.tgz. Extracting by manifest.
664 silly tarball no local data for @jridgewell/resolve-uri@https://registry.npmjs.org/@jridgewell/resolve-uri/-/resolve-uri-3.1.2.tgz. Extracting by manifest.
665 silly tarball no local data for @jridgewell/gen-mapping@https://registry.npmjs.org/@jridgewell/gen-mapping/-/gen-mapping-0.3.13.tgz. Extracting by manifest.
666 silly tarball no local data for @inquirer/select@https://registry.npmjs.org/@inquirer/select/-/select-5.2.4.tgz. Extracting by manifest.
667 silly tarball no local data for @inquirer/search@https://registry.npmjs.org/@inquirer/search/-/search-4.3.2.tgz. Extracting by manifest.
668 silly tarball no local data for @inquirer/prompts@https://registry.npmjs.org/@inquirer/prompts/-/prompts-8.5.2.tgz. Extracting by manifest.
669 silly tarball no local data for @inquirer/password@https://registry.npmjs.org/@inquirer/password/-/password-5.2.1.tgz. Extracting by manifest.
670 silly tarball no local data for @inquirer/input@https://registry.npmjs.org/@inquirer/input/-/input-5.1.5.tgz. Extracting by manifest.
671 silly tarball no local data for @inquirer/rawlist@https://registry.npmjs.org/@inquirer/rawlist/-/rawlist-5.3.4.tgz. Extracting by manifest.
672 silly tarball no local data for @inquirer/number@https://registry.npmjs.org/@inquirer/number/-/number-4.2.2.tgz. Extracting by manifest.
673 silly tarball no local data for @inquirer/external-editor@https://registry.npmjs.org/@inquirer/external-editor/-/external-editor-3.0.5.tgz. Extracting by manifest.
674 silly tarball no local data for @inquirer/expand@https://registry.npmjs.org/@inquirer/expand/-/expand-5.1.4.tgz. Extracting by manifest.
675 silly tarball no local data for @inquirer/editor@https://registry.npmjs.org/@inquirer/editor/-/editor-5.3.2.tgz. Extracting by manifest.
676 silly tarball no local data for @inquirer/core@https://registry.npmjs.org/@inquirer/core/-/core-11.2.1.tgz. Extracting by manifest.
677 silly tarball no local data for @harperfast/extended-iterable@https://registry.npmjs.org/@harperfast/extended-iterable/-/extended-iterable-1.0.3.tgz. Extracting by manifest.
678 silly tarball no local data for @inquirer/confirm@https://registry.npmjs.org/@inquirer/confirm/-/confirm-6.1.1.tgz. Extracting by manifest.
679 silly tarball no local data for @hono/node-server@https://registry.npmjs.org/@hono/node-server/-/node-server-2.1.1.tgz. Extracting by manifest.
680 silly tarball no local data for @inquirer/figures@https://registry.npmjs.org/@inquirer/figures/-/figures-2.0.9.tgz. Extracting by manifest.
681 silly tarball no local data for @inquirer/checkbox@https://registry.npmjs.org/@inquirer/checkbox/-/checkbox-5.2.4.tgz. Extracting by manifest.
682 silly tarball no local data for @exodus/bytes@https://registry.npmjs.org/@exodus/bytes/-/bytes-1.15.1.tgz. Extracting by manifest.
683 silly tarball no local data for @inquirer/ansi@https://registry.npmjs.org/@inquirer/ansi/-/ansi-2.0.8.tgz. Extracting by manifest.
684 silly tarball no local data for @csstools/css-syntax-patches-for-csstree@https://registry.npmjs.org/@csstools/css-syntax-patches-for-csstree/-/css-syntax-patches-for-csstree-1.1.12.tgz. Extracting by manifest.
685 silly tarball no local data for @esbuild/win32-x64@https://registry.npmjs.org/@esbuild/win32-x64/-/win32-x64-0.28.2.tgz. Extracting by manifest.
686 silly tarball no local data for @csstools/css-tokenizer@https://registry.npmjs.org/@csstools/css-tokenizer/-/css-tokenizer-4.0.0.tgz. Extracting by manifest.
687 silly tarball no local data for @csstools/css-color-parser@https://registry.npmjs.org/@csstools/css-color-parser/-/css-color-parser-4.2.2.tgz. Extracting by manifest.
688 silly tarball no local data for @csstools/css-parser-algorithms@https://registry.npmjs.org/@csstools/css-parser-algorithms/-/css-parser-algorithms-4.0.0.tgz. Extracting by manifest.
689 silly tarball no local data for @csstools/color-helpers@https://registry.npmjs.org/@csstools/color-helpers/-/color-helpers-6.1.1.tgz. Extracting by manifest.
690 silly tarball no local data for @bramus/specificity@https://registry.npmjs.org/@bramus/specificity/-/specificity-2.4.2.tgz. Extracting by manifest.
691 silly tarball no local data for @babel/traverse@https://registry.npmjs.org/@babel/traverse/-/traverse-8.0.4.tgz. Extracting by manifest.
692 silly tarball no local data for @csstools/css-calc@https://registry.npmjs.org/@csstools/css-calc/-/css-calc-3.3.0.tgz. Extracting by manifest.
693 silly tarball no local data for @babel/types@https://registry.npmjs.org/@babel/types/-/types-8.0.4.tgz. Extracting by manifest.
694 silly tarball no local data for @babel/parser@https://registry.npmjs.org/@babel/parser/-/parser-8.0.4.tgz. Extracting by manifest.
695 silly tarball no local data for @babel/helpers@https://registry.npmjs.org/@babel/helpers/-/helpers-8.0.0.tgz. Extracting by manifest.
696 silly tarball no local data for @babel/helper-string-parser@https://registry.npmjs.org/@babel/helper-string-parser/-/helper-string-parser-8.0.0.tgz. Extracting by manifest.
697 silly tarball no local data for @babel/template@https://registry.npmjs.org/@babel/template/-/template-8.0.0.tgz. Extracting by manifest.
698 silly tarball no local data for @babel/helper-validator-identifier@https://registry.npmjs.org/@babel/helper-validator-identifier/-/helper-validator-identifier-8.0.4.tgz. Extracting by manifest.
699 silly tarball no local data for @babel/helper-validator-option@https://registry.npmjs.org/@babel/helper-validator-option/-/helper-validator-option-8.0.0.tgz. Extracting by manifest.
700 silly tarball no local data for @babel/helper-split-export-declaration@https://registry.npmjs.org/@babel/helper-split-export-declaration/-/helper-split-export-declaration-7.24.7.tgz. Extracting by manifest.
701 silly tarball no local data for @babel/helper-compilation-targets@https://registry.npmjs.org/@babel/helper-compilation-targets/-/helper-compilation-targets-8.0.0.tgz. Extracting by manifest.
702 silly tarball no local data for @babel/helper-globals@https://registry.npmjs.org/@babel/helper-globals/-/helper-globals-8.0.0.tgz. Extracting by manifest.
703 silly tarball no local data for @babel/helper-annotate-as-pure@https://registry.npmjs.org/@babel/helper-annotate-as-pure/-/helper-annotate-as-pure-8.0.0.tgz. Extracting by manifest.
704 silly tarball no local data for @babel/generator@https://registry.npmjs.org/@babel/generator/-/generator-8.0.0.tgz. Extracting by manifest.
705 silly tarball no local data for @babel/core@https://registry.npmjs.org/@babel/core/-/core-8.0.1.tgz. Extracting by manifest.
706 silly tarball no local data for @babel/code-frame@https://registry.npmjs.org/@babel/code-frame/-/code-frame-8.0.0.tgz. Extracting by manifest.
707 silly tarball no local data for @asamuzakjp/generational-cache@https://registry.npmjs.org/@asamuzakjp/generational-cache/-/generational-cache-1.0.1.tgz. Extracting by manifest.
708 silly tarball no local data for @babel/compat-data@https://registry.npmjs.org/@babel/compat-data/-/compat-data-8.0.0.tgz. Extracting by manifest.
709 silly tarball no local data for @asamuzakjp/nwsapi@https://registry.npmjs.org/@asamuzakjp/nwsapi/-/nwsapi-2.3.9.tgz. Extracting by manifest.
710 silly tarball no local data for @angular/router@https://registry.npmjs.org/@angular/router/-/router-22.1.5.tgz. Extracting by manifest.
711 silly tarball no local data for @asamuzakjp/dom-selector@https://registry.npmjs.org/@asamuzakjp/dom-selector/-/dom-selector-6.8.1.tgz. Extracting by manifest.
712 silly tarball no local data for @angular/platform-browser@https://registry.npmjs.org/@angular/platform-browser/-/platform-browser-22.1.5.tgz. Extracting by manifest.
713 silly tarball no local data for @asamuzakjp/css-color@https://registry.npmjs.org/@asamuzakjp/css-color/-/css-color-5.1.11.tgz. Extracting by manifest.
714 silly tarball no local data for @angular/forms@https://registry.npmjs.org/@angular/forms/-/forms-22.1.5.tgz. Extracting by manifest.
715 silly tarball no local data for @angular/core@https://registry.npmjs.org/@angular/core/-/core-22.1.5.tgz. Extracting by manifest.
716 silly tarball no local data for @angular/compiler@https://registry.npmjs.org/@angular/compiler/-/compiler-22.1.5.tgz. Extracting by manifest.
717 silly tarball no local data for @angular/cli@https://registry.npmjs.org/@angular/cli/-/cli-22.1.7.tgz. Extracting by manifest.
718 silly tarball no local data for @angular/compiler-cli@https://registry.npmjs.org/@angular/compiler-cli/-/compiler-cli-22.1.5.tgz. Extracting by manifest.
719 silly tarball no local data for @angular-devkit/schematics@https://registry.npmjs.org/@angular-devkit/schematics/-/schematics-22.1.7.tgz. Extracting by manifest.
720 silly tarball no local data for @acemir/cssom@https://registry.npmjs.org/@acemir/cssom/-/cssom-0.9.31.tgz. Extracting by manifest.
721 silly tarball no local data for @angular/common@https://registry.npmjs.org/@angular/common/-/common-22.1.5.tgz. Extracting by manifest.
722 silly tarball no local data for @angular/build@https://registry.npmjs.org/@angular/build/-/build-22.1.7.tgz. Extracting by manifest.
723 silly tarball no local data for @ampproject/remapping@https://registry.npmjs.org/@ampproject/remapping/-/remapping-2.3.0.tgz. Extracting by manifest.
724 silly tarball no local data for magic-string@https://registry.npmjs.org/magic-string/-/magic-string-0.30.21.tgz. Extracting by manifest.
725 silly tarball no local data for @angular-devkit/core@https://registry.npmjs.org/@angular-devkit/core/-/core-22.1.7.tgz. Extracting by manifest.
726 silly tarball no local data for rolldown@https://registry.npmjs.org/rolldown/-/rolldown-1.1.5.tgz. Extracting by manifest.
727 silly tarball no local data for content-type@https://registry.npmjs.org/content-type/-/content-type-2.1.0.tgz. Extracting by manifest.
728 silly tarball no local data for @rolldown/binding-win32-x64-msvc@https://registry.npmjs.org/@rolldown/binding-win32-x64-msvc/-/binding-win32-x64-msvc-1.1.5.tgz. Extracting by manifest.
729 silly tarball no local data for @angular-devkit/architect@https://registry.npmjs.org/@angular-devkit/architect/-/architect-0.2201.7.tgz. Extracting by manifest.
730 silly tarball no local data for @oxc-project/types@https://registry.npmjs.org/@oxc-project/types/-/types-0.139.0.tgz. Extracting by manifest.
731 silly tarball no local data for source-map@https://registry.npmjs.org/source-map/-/source-map-0.6.1.tgz. Extracting by manifest.
732 silly tarball no local data for @oxc-project/types@https://registry.npmjs.org/@oxc-project/types/-/types-0.140.0.tgz. Extracting by manifest.
733 silly tarball no local data for entities@https://registry.npmjs.org/entities/-/entities-8.0.0.tgz. Extracting by manifest.
734 silly tarball no local data for agent-base@https://registry.npmjs.org/agent-base/-/agent-base-7.1.4.tgz. Extracting by manifest.
735 silly tarball no local data for entities@https://registry.npmjs.org/entities/-/entities-8.0.0.tgz. Extracting by manifest.
736 silly tarball no local data for entities@https://registry.npmjs.org/entities/-/entities-7.0.1.tgz. Extracting by manifest.
737 silly tarball no local data for agent-base@https://registry.npmjs.org/agent-base/-/agent-base-7.1.4.tgz. Extracting by manifest.
738 silly tarball no local data for content-type@https://registry.npmjs.org/content-type/-/content-type-2.1.0.tgz. Extracting by manifest.
739 silly tarball no local data for convert-source-map@https://registry.npmjs.org/convert-source-map/-/convert-source-map-2.0.0.tgz. Extracting by manifest.
740 silly tarball no local data for https-proxy-agent@https://registry.npmjs.org/https-proxy-agent/-/https-proxy-agent-7.0.6.tgz. Extracting by manifest.
741 silly tarball no local data for content-type@https://registry.npmjs.org/content-type/-/content-type-2.1.0.tgz. Extracting by manifest.
742 silly tarball no local data for string-width@https://registry.npmjs.org/string-width/-/string-width-7.2.0.tgz. Extracting by manifest.
743 silly tarball no local data for wrap-ansi@https://registry.npmjs.org/wrap-ansi/-/wrap-ansi-9.0.2.tgz. Extracting by manifest.
744 silly tarball no local data for magic-string@https://registry.npmjs.org/magic-string/-/magic-string-0.30.21.tgz. Extracting by manifest.
745 silly tarball no local data for node-addon-api@https://registry.npmjs.org/node-addon-api/-/node-addon-api-7.1.1.tgz. Extracting by manifest.
746 silly tarball no local data for magic-string@https://registry.npmjs.org/magic-string/-/magic-string-0.30.21.tgz. Extracting by manifest.
747 silly tarball no local data for @inquirer/core@https://registry.npmjs.org/@inquirer/core/-/core-12.0.2.tgz. Extracting by manifest.
748 silly tarball no local data for @inquirer/core@https://registry.npmjs.org/@inquirer/core/-/core-12.0.2.tgz. Extracting by manifest.
749 silly tarball no local data for @inquirer/core@https://registry.npmjs.org/@inquirer/core/-/core-12.0.2.tgz. Extracting by manifest.
750 silly tarball no local data for @inquirer/core@https://registry.npmjs.org/@inquirer/core/-/core-12.0.2.tgz. Extracting by manifest.
751 silly tarball no local data for @inquirer/core@https://registry.npmjs.org/@inquirer/core/-/core-12.0.2.tgz. Extracting by manifest.
752 silly tarball no local data for @inquirer/core@https://registry.npmjs.org/@inquirer/core/-/core-12.0.2.tgz. Extracting by manifest.
753 silly tarball no local data for @inquirer/core@https://registry.npmjs.org/@inquirer/core/-/core-12.0.2.tgz. Extracting by manifest.
754 silly tarball no local data for @inquirer/core@https://registry.npmjs.org/@inquirer/core/-/core-12.0.2.tgz. Extracting by manifest.
755 silly tarball no local data for @inquirer/core@https://registry.npmjs.org/@inquirer/core/-/core-12.0.2.tgz. Extracting by manifest.
756 silly tarball no local data for convert-source-map@https://registry.npmjs.org/convert-source-map/-/convert-source-map-2.0.0.tgz. Extracting by manifest.
757 silly tarball no local data for @babel/helper-string-parser@https://registry.npmjs.org/@babel/helper-string-parser/-/helper-string-parser-7.29.7.tgz. Extracting by manifest.
758 silly tarball no local data for @babel/helper-validator-identifier@https://registry.npmjs.org/@babel/helper-validator-identifier/-/helper-validator-identifier-7.29.7.tgz. Extracting by manifest.
759 silly tarball no local data for @babel/types@https://registry.npmjs.org/@babel/types/-/types-7.29.8.tgz. Extracting by manifest.
760 http fetch GET 200 https://registry.npmjs.org/webidl-conversions/-/webidl-conversions-8.0.1.tgz 932ms (cache miss)
761 http fetch GET 200 https://registry.npmjs.org/wrappy/-/wrappy-1.0.2.tgz 937ms (cache miss)
762 http fetch GET 200 https://registry.npmjs.org/vary/-/vary-1.1.2.tgz 947ms (cache miss)
763 http fetch GET 200 https://registry.npmjs.org/which/-/which-2.0.2.tgz 953ms (cache miss)
764 http fetch GET 200 https://registry.npmjs.org/validate-npm-package-name/-/validate-npm-package-name-8.0.0.tgz 956ms (cache miss)
765 http fetch GET 200 https://registry.npmjs.org/yoctocolors/-/yoctocolors-2.2.0.tgz 973ms (cache miss)
766 http fetch GET 200 https://registry.npmjs.org/wrap-ansi/-/wrap-ansi-10.0.1.tgz 974ms (cache miss)
767 http fetch GET 200 https://registry.npmjs.org/toidentifier/-/toidentifier-1.0.1.tgz 973ms (cache miss)
768 http fetch GET 200 https://registry.npmjs.org/unpipe/-/unpipe-1.0.0.tgz 981ms (cache miss)
769 http fetch GET 200 https://registry.npmjs.org/w3c-xmlserializer/-/w3c-xmlserializer-5.0.0.tgz 987ms (cache miss)
770 http fetch GET 200 https://registry.npmjs.org/xml-name-validator/-/xml-name-validator-5.0.0.tgz 994ms (cache miss)
771 http fetch GET 200 https://registry.npmjs.org/why-is-node-running/-/why-is-node-running-2.3.0.tgz 996ms (cache miss)
772 http fetch GET 200 https://registry.npmjs.org/tinyrainbow/-/tinyrainbow-3.1.1.tgz 997ms (cache miss)
773 http fetch GET 200 https://registry.npmjs.org/update-browserslist-db/-/update-browserslist-db-1.3.2.tgz 1027ms (cache miss)
774 http fetch GET 200 https://registry.npmjs.org/weak-lru-cache/-/weak-lru-cache-1.2.2.tgz 1051ms (cache miss)
775 http fetch GET 200 https://registry.npmjs.org/type-is/-/type-is-2.1.0.tgz 1050ms (cache miss)
776 http fetch GET 200 https://registry.npmjs.org/stdin-discarder/-/stdin-discarder-0.3.2.tgz 1061ms (cache miss)
777 http fetch GET 200 https://registry.npmjs.org/strip-ansi/-/strip-ansi-7.2.0.tgz 1067ms (cache miss)
778 http fetch GET 200 https://registry.npmjs.org/string-width/-/string-width-8.2.2.tgz 1100ms (cache miss)
779 http fetch GET 200 https://registry.npmjs.org/statuses/-/statuses-2.0.2.tgz 1115ms (cache miss)
780 http fetch GET 200 https://registry.npmjs.org/symbol-tree/-/symbol-tree-3.2.4.tgz 1130ms (cache miss)
781 http fetch GET 200 https://registry.npmjs.org/signal-exit/-/signal-exit-4.1.0.tgz 1141ms (cache miss)
782 http fetch GET 200 https://registry.npmjs.org/y18n/-/y18n-5.0.8.tgz 1179ms (cache miss)
783 http fetch GET 200 https://registry.npmjs.org/side-channel/-/side-channel-1.1.1.tgz 1152ms (cache miss)
784 http fetch GET 200 https://registry.npmjs.org/side-channel-list/-/side-channel-list-1.0.1.tgz 1153ms (cache miss)
785 http fetch GET 200 https://registry.npmjs.org/shebang-regex/-/shebang-regex-3.0.0.tgz 1188ms (cache miss)
786 http fetch GET 200 https://registry.npmjs.org/shebang-command/-/shebang-command-2.0.0.tgz 1248ms (cache miss)
787 http fetch GET 200 https://registry.npmjs.org/siginfo/-/siginfo-2.0.0.tgz 1507ms (cache miss)
788 http fetch GET 200 https://registry.npmjs.org/tinyexec/-/tinyexec-1.3.1.tgz 1526ms (cache miss)
789 http fetch GET 200 https://registry.npmjs.org/tinyglobby/-/tinyglobby-0.2.17.tgz 1555ms (cache miss)
790 http fetch GET 200 https://registry.npmjs.org/std-env/-/std-env-4.2.0.tgz 1886ms (cache miss)
791 http fetch GET 200 https://registry.npmjs.org/require-from-string/-/require-from-string-2.0.2.tgz 1954ms (cache miss)
792 http fetch GET 200 https://registry.npmjs.org/setprototypeof/-/setprototypeof-1.2.0.tgz 2065ms (cache miss)
793 http fetch GET 200 https://registry.npmjs.org/restore-cursor/-/restore-cursor-5.1.0.tgz 2061ms (cache miss)
794 http fetch GET 200 https://registry.npmjs.org/serve-static/-/serve-static-2.2.1.tgz 2249ms (cache miss)
795 http fetch GET 200 https://registry.npmjs.org/whatwg-mimetype/-/whatwg-mimetype-5.0.0.tgz 2281ms (cache miss)
796 http fetch GET 200 https://registry.npmjs.org/send/-/send-1.2.1.tgz 2455ms (cache miss)
797 http fetch GET 200 https://registry.npmjs.org/slice-ansi/-/slice-ansi-9.0.0.tgz 2713ms (cache miss)
798 http fetch GET 200 https://registry.npmjs.org/range-parser/-/range-parser-1.3.0.tgz 2702ms (cache miss)
799 http fetch GET 200 https://registry.npmjs.org/tinybench/-/tinybench-2.9.0.tgz 2942ms (cache miss)
800 http fetch GET 200 https://registry.npmjs.org/proxy-addr/-/proxy-addr-2.0.7.tgz 3079ms (cache miss)
801 http fetch GET 200 https://registry.npmjs.org/readdirp/-/readdirp-5.1.1.tgz 3086ms (cache miss)
802 http fetch GET 200 https://registry.npmjs.org/pkce-challenge/-/pkce-challenge-5.0.1.tgz 3085ms (cache miss)
803 http fetch GET 200 https://registry.npmjs.org/safer-buffer/-/safer-buffer-2.1.2.tgz 3225ms (cache miss)
804 http fetch GET 200 https://registry.npmjs.org/saxes/-/saxes-6.0.0.tgz 3228ms (cache miss)
805 http fetch GET 200 https://registry.npmjs.org/proxy-agent-negotiate/-/proxy-agent-negotiate-1.1.0.tgz 3225ms (cache miss)
806 http fetch GET 200 https://registry.npmjs.org/proc-log/-/proc-log-7.0.0.tgz 3225ms (cache miss)
807 http fetch GET 200 https://registry.npmjs.org/picocolors/-/picocolors-1.1.1.tgz 3224ms (cache miss)
808 http fetch GET 200 https://registry.npmjs.org/stackback/-/stackback-0.0.2.tgz 3350ms (cache miss)
809 http fetch GET 200 https://registry.npmjs.org/path-key/-/path-key-3.1.1.tgz 3487ms (cache miss)
810 http fetch GET 200 https://registry.npmjs.org/parse5-sax-parser/-/parse5-sax-parser-8.0.0.tgz 3496ms (cache miss)
811 http fetch GET 200 https://registry.npmjs.org/object-assign/-/object-assign-4.1.1.tgz 3504ms (cache miss)
812 http fetch GET 200 https://registry.npmjs.org/node-gyp-build-optional-packages/-/node-gyp-build-optional-packages-5.2.2.tgz 3508ms (cache miss)
813 http fetch GET 200 https://registry.npmjs.org/parseurl/-/parseurl-1.3.3.tgz 3622ms (cache miss)
814 http fetch GET 200 https://registry.npmjs.org/once/-/once-1.4.0.tgz 3628ms (cache miss)
815 http fetch GET 200 https://registry.npmjs.org/punycode/-/punycode-2.3.1.tgz 3641ms (cache miss)
816 http fetch GET 200 https://registry.npmjs.org/ora/-/ora-9.4.1.tgz 3634ms (cache miss)
817 http fetch GET 200 https://registry.npmjs.org/on-finished/-/on-finished-2.4.1.tgz 3636ms (cache miss)
818 http fetch GET 200 https://registry.npmjs.org/onetime/-/onetime-7.0.0.tgz 3640ms (cache miss)
819 http fetch GET 200 https://registry.npmjs.org/source-map-support/-/source-map-support-0.5.21.tgz 3785ms (cache miss)
820 http fetch GET 200 https://registry.npmjs.org/postcss-safe-parser/-/postcss-safe-parser-7.0.1.tgz 3771ms (cache miss)
821 http fetch GET 200 https://registry.npmjs.org/npm-package-arg/-/npm-package-arg-14.0.0.tgz 3770ms (cache miss)
822 http fetch GET 200 https://registry.npmjs.org/media-typer/-/media-typer-1.1.1.tgz 3798ms (cache miss)
823 http fetch GET 200 https://registry.npmjs.org/mimic-function/-/mimic-function-5.0.1.tgz 3810ms (cache miss)
824 http fetch GET 200 https://registry.npmjs.org/tr46/-/tr46-6.0.0.tgz 3953ms (cache miss)
825 http fetch GET 200 https://registry.npmjs.org/node-releases/-/node-releases-2.0.54.tgz 3918ms (cache miss)
826 http fetch GET 200 https://registry.npmjs.org/ms/-/ms-2.1.3.tgz 3920ms (cache miss)
827 http fetch GET 200 https://registry.npmjs.org/mute-stream/-/mute-stream-3.0.0.tgz 3923ms (cache miss)
828 http fetch GET 200 https://registry.npmjs.org/negotiator/-/negotiator-1.1.0.tgz 3925ms (cache miss)
829 http fetch GET 200 https://registry.npmjs.org/msgpackr-extract/-/msgpackr-extract-3.0.4.tgz 3927ms (cache miss)
830 http fetch GET 200 https://registry.npmjs.org/merge-descriptors/-/merge-descriptors-2.0.0.tgz 4050ms (cache miss)
831 http fetch GET 200 https://registry.npmjs.org/mime-types/-/mime-types-3.0.2.tgz 4055ms (cache miss)
832 http fetch GET 200 https://registry.npmjs.org/json-schema-traverse/-/json-schema-traverse-1.0.0.tgz 4046ms (cache miss)
833 http fetch GET 200 https://registry.npmjs.org/yargs-parser/-/yargs-parser-22.0.0.tgz 4244ms (cache miss)
834 http fetch GET 200 https://registry.npmjs.org/parse5-html-rewriting-stream/-/parse5-html-rewriting-stream-8.0.1.tgz 4202ms (cache miss)
835 http fetch GET 200 https://registry.npmjs.org/log-symbols/-/log-symbols-7.0.1.tgz 4191ms (cache miss)
836 http fetch GET 200 https://registry.npmjs.org/log-update/-/log-update-8.0.0.tgz 4195ms (cache miss)
837 http fetch GET 200 https://registry.npmjs.org/js-tokens/-/js-tokens-10.0.0.tgz 4192ms (cache miss)
838 http fetch GET 200 https://registry.npmjs.org/is-glob/-/is-glob-4.0.3.tgz 4193ms (cache miss)
839 http fetch GET 200 https://registry.npmjs.org/ipaddr.js/-/ipaddr.js-1.9.1.tgz 4348ms (cache miss)
840 http fetch GET 200 https://registry.npmjs.org/isexe/-/isexe-2.0.0.tgz 4493ms (cache miss)
841 http fetch GET 200 https://registry.npmjs.org/is-promise/-/is-promise-4.0.0.tgz 4496ms (cache miss)
842 http fetch GET 200 https://registry.npmjs.org/is-unicode-supported/-/is-unicode-supported-2.1.0.tgz 4497ms (cache miss)
843 http fetch GET 200 https://registry.npmjs.org/is-potential-custom-element-name/-/is-potential-custom-element-name-1.0.1.tgz 4494ms (cache miss)
844 http fetch GET 200 https://registry.npmjs.org/side-channel-weakmap/-/side-channel-weakmap-1.0.2.tgz 4659ms (cache miss)
845 http fetch GET 200 https://registry.npmjs.org/is-interactive/-/is-interactive-2.0.0.tgz 4623ms (cache miss)
846 http fetch GET 200 https://registry.npmjs.org/is-extglob/-/is-extglob-2.1.1.tgz 4625ms (cache miss)
847 http fetch GET 200 https://registry.npmjs.org/is-fullwidth-code-point/-/is-fullwidth-code-point-5.1.0.tgz 4629ms (cache miss)
848 http fetch GET 200 https://registry.npmjs.org/hasown/-/hasown-2.0.4.tgz 4625ms (cache miss)
849 http fetch GET 200 https://registry.npmjs.org/raw-body/-/raw-body-3.0.2.tgz 4799ms (cache miss)
850 http fetch GET 200 https://registry.npmjs.org/router/-/router-2.2.0.tgz 4805ms (cache miss)
851 http fetch GET 200 https://registry.npmjs.org/mrmime/-/mrmime-2.0.1.tgz 4786ms (cache miss)
852 http fetch GET 200 https://registry.npmjs.org/inherits/-/inherits-2.0.4.tgz 4770ms (cache miss)
853 http fetch GET 200 https://registry.npmjs.org/http-errors/-/http-errors-2.0.1.tgz 4770ms (cache miss)
854 http fetch GET 200 https://registry.npmjs.org/get-intrinsic/-/get-intrinsic-1.3.0.tgz 4764ms (cache miss)
855 http fetch GET 200 https://registry.npmjs.org/gopd/-/gopd-1.2.0.tgz 4769ms (cache miss)
856 http fetch GET 200 https://registry.npmjs.org/get-caller-file/-/get-caller-file-2.0.5.tgz 4768ms (cache miss)
857 http fetch GET 200 https://registry.npmjs.org/get-east-asian-width/-/get-east-asian-width-1.6.0.tgz 4790ms (cache miss)
858 http fetch GET 200 https://registry.npmjs.org/graceful-fs/-/graceful-fs-4.2.11.tgz 4793ms (cache miss)
859 http fetch GET 200 https://registry.npmjs.org/side-channel-map/-/side-channel-map-1.0.1.tgz 5015ms (cache miss)
860 http fetch GET 200 https://registry.npmjs.org/gensync/-/gensync-1.0.0-beta.2.tgz 4962ms (cache miss)
861 http fetch GET 200 https://registry.npmjs.org/forwarded/-/forwarded-0.2.0.tgz 4965ms (cache miss)
862 http fetch GET 200 https://registry.npmjs.org/http-proxy-agent/-/http-proxy-agent-7.0.2.tgz 5092ms (cache miss)
863 http fetch GET 200 https://registry.npmjs.org/html-encoding-sniffer/-/html-encoding-sniffer-6.0.0.tgz 5090ms (cache miss)
864 http fetch GET 200 https://registry.npmjs.org/es-errors/-/es-errors-1.3.0.tgz 5086ms (cache miss)
865 http fetch GET 200 https://registry.npmjs.org/path-to-regexp/-/path-to-regexp-8.4.2.tgz 5247ms (cache miss)
866 http fetch GET 200 https://registry.npmjs.org/etag/-/etag-1.8.1.tgz 5208ms (cache miss)
867 http fetch GET 200 https://registry.npmjs.org/estree-walker/-/estree-walker-3.0.3.tgz 5230ms (cache miss)
868 http fetch GET 200 https://registry.npmjs.org/fast-wrap-ansi/-/fast-wrap-ansi-0.2.2.tgz 5243ms (cache miss)
869 http fetch GET 200 https://registry.npmjs.org/empathic/-/empathic-2.0.1.tgz 5241ms (cache miss)
870 http fetch GET 200 https://registry.npmjs.org/tslib/-/tslib-2.8.1.tgz 5436ms (cache miss)
871 http fetch GET 200 https://registry.npmjs.org/fast-string-width/-/fast-string-width-3.0.2.tgz 5369ms (cache miss)
872 http fetch GET 200 https://registry.npmjs.org/fresh/-/fresh-2.0.0.tgz 5373ms (cache miss)
873 http fetch GET 200 https://registry.npmjs.org/fast-deep-equal/-/fast-deep-equal-3.1.3.tgz 5371ms (cache miss)
874 http fetch GET 200 https://registry.npmjs.org/escalade/-/escalade-3.2.0.tgz 5367ms (cache miss)
875 http fetch GET 200 https://registry.npmjs.org/finalhandler/-/finalhandler-2.1.1.tgz 5373ms (cache miss)
876 http fetch GET 200 https://registry.npmjs.org/es-object-atoms/-/es-object-atoms-1.1.2.tgz 5386ms (cache miss)
877 http fetch GET 200 https://registry.npmjs.org/es-define-property/-/es-define-property-1.0.1.tgz 5393ms (cache miss)
878 http fetch GET 200 https://registry.npmjs.org/ee-first/-/ee-first-1.1.1.tgz 5389ms (cache miss)
879 http fetch GET 200 https://registry.npmjs.org/environment/-/environment-1.1.0.tgz 5400ms (cache miss)
880 http fetch GET 200 https://registry.npmjs.org/jsesc/-/jsesc-3.1.0.tgz 5538ms (cache miss)
881 http fetch GET 200 https://registry.npmjs.org/escape-html/-/escape-html-1.0.3.tgz 5520ms (cache miss)
882 http fetch GET 200 https://registry.npmjs.org/emoji-regex/-/emoji-regex-10.6.0.tgz 5514ms (cache miss)
883 http fetch GET 200 https://registry.npmjs.org/domelementtype/-/domelementtype-2.3.0.tgz 5514ms (cache miss)
884 http fetch GET 200 https://registry.npmjs.org/detect-libc/-/detect-libc-2.1.2.tgz 5516ms (cache miss)
885 http fetch GET 200 https://registry.npmjs.org/listr2/-/listr2-11.0.0.tgz 5679ms (cache miss)
886 http fetch GET 200 https://registry.npmjs.org/debug/-/debug-4.4.3.tgz 5650ms (cache miss)
887 http fetch GET 200 https://registry.npmjs.org/encodeurl/-/encodeurl-2.0.0.tgz 5659ms (cache miss)
888 http fetch GET 200 https://registry.npmjs.org/postcss-media-query-parser/-/postcss-media-query-parser-0.2.3.tgz 5828ms (cache miss)
889 http fetch GET 200 https://registry.npmjs.org/cross-spawn/-/cross-spawn-7.0.6.tgz 5782ms (cache miss)
890 http fetch GET 200 https://registry.npmjs.org/cookie-signature/-/cookie-signature-1.2.2.tgz 5786ms (cache miss)
891 http fetch GET 200 https://registry.npmjs.org/cors/-/cors-2.8.6.tgz 5793ms (cache miss)
892 http fetch GET 200 https://registry.npmjs.org/content-type/-/content-type-1.0.5.tgz 5794ms (cache miss)
893 http fetch GET 200 https://registry.npmjs.org/cookie/-/cookie-0.7.2.tgz 5803ms (cache miss)
894 http fetch GET 200 https://registry.npmjs.org/chalk/-/chalk-5.6.2.tgz 5807ms (cache miss)
895 http fetch GET 200 https://registry.npmjs.org/cli-truncate/-/cli-truncate-6.1.1.tgz 5997ms (cache miss)
896 http fetch GET 200 https://registry.npmjs.org/data-urls/-/data-urls-7.0.0.tgz 6008ms (cache miss)
897 http fetch GET 200 https://registry.npmjs.org/depd/-/depd-2.0.0.tgz 6010ms (cache miss)
898 http fetch GET 200 https://registry.npmjs.org/content-disposition/-/content-disposition-1.1.0.tgz 6006ms (cache miss)
899 http fetch GET 200 https://registry.npmjs.org/call-bind-apply-helpers/-/call-bind-apply-helpers-1.0.2.tgz 6001ms (cache miss)
900 http fetch GET 200 https://registry.npmjs.org/bytes/-/bytes-3.1.2.tgz 6005ms (cache miss)
901 http fetch GET 200 https://registry.npmjs.org/cli-cursor/-/cli-cursor-5.0.0.tgz 6097ms (cache miss)
902 http fetch GET 200 https://registry.npmjs.org/cli-width/-/cli-width-4.1.0.tgz 6099ms (cache miss)
903 http fetch GET 200 https://registry.npmjs.org/ansi-styles/-/ansi-styles-6.2.3.tgz 6096ms (cache miss)
904 http fetch GET 200 https://registry.npmjs.org/mime-db/-/mime-db-1.54.0.tgz 6265ms (cache miss)
905 http fetch GET 200 https://registry.npmjs.org/convert-source-map/-/convert-source-map-1.9.0.tgz 6219ms (cache miss)
906 http fetch GET 200 https://registry.npmjs.org/call-bound/-/call-bound-1.0.4.tgz 6216ms (cache miss)
907 http fetch GET 200 https://registry.npmjs.org/buffer-from/-/buffer-from-1.1.2.tgz 6219ms (cache miss)
908 http fetch GET 200 https://registry.npmjs.org/boolbase/-/boolbase-1.0.0.tgz 6371ms (cache miss)
909 http fetch GET 200 https://registry.npmjs.org/@vitest/spy/-/spy-4.1.11.tgz 6370ms (cache miss)
910 http fetch GET 200 https://registry.npmjs.org/accepts/-/accepts-2.0.0.tgz 6373ms (cache miss)
911 http fetch GET 200 https://registry.npmjs.org/ansi-regex/-/ansi-regex-6.3.0.tgz 6583ms (cache miss)
912 http fetch GET 200 https://registry.npmjs.org/ansi-escapes/-/ansi-escapes-7.3.0.tgz 6587ms (cache miss)
913 http fetch GET 200 https://registry.npmjs.org/@standard-schema/spec/-/spec-1.1.0.tgz 6580ms (cache miss)
914 http fetch GET 200 https://registry.npmjs.org/assertion-error/-/assertion-error-2.0.1.tgz 6771ms (cache miss)
915 http fetch GET 200 https://registry.npmjs.org/body-parser/-/body-parser-2.3.0.tgz 6785ms (cache miss)
916 http fetch GET 200 https://registry.npmjs.org/@types/jsesc/-/jsesc-2.5.1.tgz 6779ms (cache miss)
917 http fetch GET 200 https://registry.npmjs.org/agent-base/-/agent-base-9.0.0.tgz 6832ms (cache miss)
918 http fetch GET 200 https://registry.npmjs.org/@types/chai/-/chai-5.2.3.tgz 6836ms (cache miss)
919 http fetch GET 200 https://registry.npmjs.org/@types/deep-eql/-/deep-eql-4.0.2.tgz 6933ms (cache miss)
920 http fetch GET 200 https://registry.npmjs.org/cli-spinners/-/cli-spinners-3.4.0.tgz 6985ms (cache miss)
921 http fetch GET 200 https://registry.npmjs.org/@types/gensync/-/gensync-1.0.5.tgz 6971ms (cache miss)
922 http fetch GET 200 https://registry.npmjs.org/@rolldown/pluginutils/-/pluginutils-1.0.1.tgz 7029ms (cache miss)
923 http fetch GET 200 https://registry.npmjs.org/@jridgewell/resolve-uri/-/resolve-uri-3.1.2.tgz 7025ms (cache miss)
924 http fetch GET 200 https://registry.npmjs.org/@inquirer/type/-/type-4.1.1.tgz 7028ms (cache miss)
925 http fetch GET 200 https://registry.npmjs.org/@types/estree/-/estree-1.0.9.tgz 7058ms (cache miss)
926 http fetch GET 200 https://registry.npmjs.org/@oxc-project/types/-/types-0.142.0.tgz 7116ms (cache miss)
927 http fetch GET 200 https://registry.npmjs.org/@inquirer/search/-/search-4.3.2.tgz 7118ms (cache miss)
928 http fetch GET 200 https://registry.npmjs.org/@inquirer/select/-/select-5.2.4.tgz 7128ms (cache miss)
929 http fetch GET 200 https://registry.npmjs.org/@inquirer/external-editor/-/external-editor-3.0.5.tgz 7140ms (cache miss)
930 http fetch GET 200 https://registry.npmjs.org/hosted-git-info/-/hosted-git-info-10.1.1.tgz 7273ms (cache miss)
931 http fetch GET 200 https://registry.npmjs.org/@inquirer/figures/-/figures-2.0.9.tgz 7213ms (cache miss)
932 http fetch GET 200 https://registry.npmjs.org/@inquirer/rawlist/-/rawlist-5.3.4.tgz 7222ms (cache miss)
933 http fetch GET 200 https://registry.npmjs.org/@napi-rs/nice/-/nice-1.1.1.tgz 7347ms (cache miss)
934 http fetch GET 200 https://registry.npmjs.org/@harperfast/extended-iterable/-/extended-iterable-1.0.3.tgz 7369ms (cache miss)
935 http fetch GET 200 https://registry.npmjs.org/@inquirer/password/-/password-5.2.1.tgz 7379ms (cache miss)
936 http fetch GET 200 https://registry.npmjs.org/@listr2/prompt-adapter-inquirer/-/prompt-adapter-inquirer-4.2.5.tgz 7460ms (cache miss)
937 http fetch GET 200 https://registry.npmjs.org/@inquirer/expand/-/expand-5.1.4.tgz 7484ms (cache miss)
938 http fetch GET 200 https://registry.npmjs.org/@inquirer/confirm/-/confirm-6.1.1.tgz 7483ms (cache miss)
939 http fetch GET 200 https://registry.npmjs.org/fdir/-/fdir-6.5.0.tgz 7643ms (cache miss)
940 http fetch GET 200 https://registry.npmjs.org/@inquirer/input/-/input-5.1.5.tgz 7659ms (cache miss)
941 http fetch GET 200 https://registry.npmjs.org/@csstools/css-color-parser/-/css-color-parser-4.2.2.tgz 7650ms (cache miss)
942 http fetch GET 200 https://registry.npmjs.org/@inquirer/ansi/-/ansi-2.0.8.tgz 7654ms (cache miss)
943 http fetch GET 200 https://registry.npmjs.org/@babel/helper-globals/-/helper-globals-8.0.0.tgz 7647ms (cache miss)
944 http fetch GET 200 https://registry.npmjs.org/@vitest/pretty-format/-/pretty-format-4.1.11.tgz 7722ms (cache miss)
945 http fetch GET 200 https://registry.npmjs.org/picomatch/-/picomatch-4.0.5.tgz 7835ms (cache miss)
946 http fetch GET 200 https://registry.npmjs.org/@inquirer/editor/-/editor-5.3.2.tgz 7726ms (cache miss)
947 http fetch GET 200 https://registry.npmjs.org/@babel/helper-string-parser/-/helper-string-parser-8.0.0.tgz 7715ms (cache miss)
948 http fetch GET 200 https://registry.npmjs.org/@babel/helper-split-export-declaration/-/helper-split-export-declaration-7.24.7.tgz 7714ms (cache miss)
949 http fetch GET 200 https://registry.npmjs.org/@vitest/expect/-/expect-4.1.11.tgz 7818ms (cache miss)
950 http fetch GET 200 https://registry.npmjs.org/reflect-metadata/-/reflect-metadata-0.2.2.tgz 7939ms (cache miss)
951 http fetch GET 200 https://registry.npmjs.org/chokidar/-/chokidar-5.0.0.tgz 7860ms (cache miss)
952 http fetch GET 200 https://registry.npmjs.org/@csstools/css-parser-algorithms/-/css-parser-algorithms-4.0.0.tgz 7816ms (cache miss)
953 http fetch GET 200 https://registry.npmjs.org/@babel/helper-validator-option/-/helper-validator-option-8.0.0.tgz 7809ms (cache miss)
954 http fetch GET 200 https://registry.npmjs.org/@babel/helper-annotate-as-pure/-/helper-annotate-as-pure-8.0.0.tgz 7809ms (cache miss)
955 http fetch GET 200 https://registry.npmjs.org/@inquirer/prompts/-/prompts-8.5.2.tgz 7876ms (cache miss)
956 http fetch GET 200 https://registry.npmjs.org/json-schema-typed/-/json-schema-typed-8.0.2.tgz 7980ms (cache miss)
957 http fetch GET 200 https://registry.npmjs.org/cliui/-/cliui-9.0.1.tgz 7933ms (cache miss)
958 http fetch GET 200 https://registry.npmjs.org/@inquirer/checkbox/-/checkbox-5.2.4.tgz 7895ms (cache miss)
959 http fetch GET 200 https://registry.npmjs.org/@asamuzakjp/generational-cache/-/generational-cache-1.0.1.tgz 7880ms (cache miss)
960 http fetch GET 200 https://registry.npmjs.org/@babel/compat-data/-/compat-data-8.0.0.tgz 7883ms (cache miss)
961 http fetch GET 200 https://registry.npmjs.org/magic-string/-/magic-string-1.0.0.tgz 8092ms (cache miss)
962 http fetch GET 200 https://registry.npmjs.org/esbuild/-/esbuild-0.28.2.tgz 8055ms (cache miss)
963 http fetch GET 200 https://registry.npmjs.org/chai/-/chai-6.2.2.tgz 8040ms (cache miss)
964 http fetch GET 200 https://registry.npmjs.org/obug/-/obug-2.1.4.tgz 8171ms (cache miss)
965 http fetch GET 200 https://registry.npmjs.org/@babel/code-frame/-/code-frame-8.0.0.tgz 8094ms (cache miss)
966 http fetch GET 200 https://registry.npmjs.org/content-type/-/content-type-2.1.0.tgz 8086ms (cache miss)
967 http fetch GET 200 https://registry.npmjs.org/@asamuzakjp/nwsapi/-/nwsapi-2.3.9.tgz 8148ms (cache miss)
968 http fetch GET 200 https://registry.npmjs.org/@oxc-project/types/-/types-0.139.0.tgz 8304ms (cache miss)
969 http fetch GET 200 https://registry.npmjs.org/fast-string-truncated-width/-/fast-string-truncated-width-3.0.3.tgz 8466ms (cache miss)
970 http fetch GET 200 https://registry.npmjs.org/whatwg-url/-/whatwg-url-16.0.1.tgz 8673ms (cache miss)
971 http fetch GET 200 https://registry.npmjs.org/content-type/-/content-type-2.1.0.tgz 8596ms (cache miss)
972 http fetch GET 200 https://registry.npmjs.org/content-type/-/content-type-2.1.0.tgz 8599ms (cache miss)
973 http fetch GET 200 https://registry.npmjs.org/@oxc-project/types/-/types-0.140.0.tgz 8630ms (cache miss)
974 http fetch GET 200 https://registry.npmjs.org/@csstools/css-calc/-/css-calc-3.3.0.tgz 8713ms (cache miss)
975 http fetch GET 200 https://registry.npmjs.org/https-proxy-agent/-/https-proxy-agent-7.0.6.tgz 8692ms (cache miss)
976 http fetch GET 200 https://registry.npmjs.org/convert-source-map/-/convert-source-map-2.0.0.tgz 8698ms (cache miss)
977 http fetch GET 200 https://registry.npmjs.org/string-width/-/string-width-7.2.0.tgz 8698ms (cache miss)
978 http fetch GET 200 https://registry.npmjs.org/agent-base/-/agent-base-7.1.4.tgz 8780ms (cache miss)
979 http fetch GET 200 https://registry.npmjs.org/wrap-ansi/-/wrap-ansi-9.0.2.tgz 8788ms (cache miss)
980 http fetch GET 200 https://registry.npmjs.org/decimal.js/-/decimal.js-10.6.0.tgz 8926ms (cache miss)
981 http fetch GET 200 https://registry.npmjs.org/@csstools/css-syntax-patches-for-csstree/-/css-syntax-patches-for-csstree-1.1.12.tgz 8870ms (cache miss)
982 http fetch GET 200 https://registry.npmjs.org/@csstools/css-tokenizer/-/css-tokenizer-4.0.0.tgz 8878ms (cache miss)
983 http fetch GET 200 https://registry.npmjs.org/convert-source-map/-/convert-source-map-2.0.0.tgz 8832ms (cache miss)
984 http fetch GET 200 https://registry.npmjs.org/watchpack/-/watchpack-2.5.2.tgz 9067ms (cache miss)
985 http fetch GET 200 https://registry.npmjs.org/@csstools/color-helpers/-/color-helpers-6.1.1.tgz 8932ms (cache miss)
986 http fetch GET 200 https://registry.npmjs.org/express/-/express-5.2.1.tgz 9103ms (cache miss)
987 http fetch GET 200 https://registry.npmjs.org/@inquirer/number/-/number-4.2.2.tgz 9043ms (cache miss)
988 http fetch GET 200 https://registry.npmjs.org/@babel/helper-compilation-targets/-/helper-compilation-targets-8.0.0.tgz 9027ms (cache miss)
989 http fetch GET 200 https://registry.npmjs.org/https-proxy-agent/-/https-proxy-agent-9.1.0.tgz 9189ms (cache miss)
990 http fetch GET 200 https://registry.npmjs.org/function-bind/-/function-bind-1.1.2.tgz 9186ms (cache miss)
991 http fetch GET 200 https://registry.npmjs.org/express-rate-limit/-/express-rate-limit-8.7.0.tgz 9182ms (cache miss)
992 http fetch GET 200 https://registry.npmjs.org/@babel/template/-/template-8.0.0.tgz 9116ms (cache miss)
993 http fetch GET 200 https://registry.npmjs.org/browserslist/-/browserslist-4.28.8.tgz 9219ms (cache miss)
994 http fetch GET 200 https://registry.npmjs.org/beasties/-/beasties-0.4.3.tgz 9223ms (cache miss)
995 http fetch GET 200 https://registry.npmjs.org/@babel/helper-string-parser/-/helper-string-parser-7.29.7.tgz 9113ms (cache miss)
996 http fetch GET 200 https://registry.npmjs.org/@msgpackr-extract/msgpackr-extract-win32-x64/-/msgpackr-extract-win32-x64-3.0.4.tgz 9218ms (cache miss)
997 http fetch GET 200 https://registry.npmjs.org/xmlchars/-/xmlchars-2.2.0.tgz 9433ms (cache miss)
998 http fetch GET 200 https://registry.npmjs.org/@napi-rs/nice-win32-x64-msvc/-/nice-win32-x64-msvc-1.1.1.tgz 9277ms (cache miss)
999 http fetch GET 200 https://registry.npmjs.org/get-proto/-/get-proto-1.0.1.tgz 9348ms (cache miss)
1000 http fetch GET 200 https://registry.npmjs.org/ordered-binary/-/ordered-binary-1.6.1.tgz 9395ms (cache miss)
1001 http fetch GET 200 https://registry.npmjs.org/source-map-js/-/source-map-js-1.2.1.tgz 9452ms (cache miss)
1002 http fetch GET 200 https://registry.npmjs.org/tough-cookie/-/tough-cookie-6.0.2.tgz 9470ms (cache miss)
1003 http fetch GET 200 https://registry.npmjs.org/@babel/helpers/-/helpers-8.0.0.tgz 9312ms (cache miss)
1004 http fetch GET 200 https://registry.npmjs.org/baseline-browser-mapping/-/baseline-browser-mapping-2.11.21.tgz 9491ms (cache miss)
1005 http fetch GET 200 https://registry.npmjs.org/electron-to-chromium/-/electron-to-chromium-1.5.421.tgz 9520ms (cache miss)
1006 http fetch GET 200 https://registry.npmjs.org/dunder-proto/-/dunder-proto-1.0.1.tgz 9766ms (cache miss)
1007 http fetch GET 200 https://registry.npmjs.org/has-symbols/-/has-symbols-1.1.0.tgz 10066ms (cache miss)
1008 http fetch GET 200 https://registry.npmjs.org/es-module-lexer/-/es-module-lexer-2.3.2.tgz 10067ms (cache miss)
1009 http fetch GET 200 https://registry.npmjs.org/@babel/helper-validator-identifier/-/helper-validator-identifier-8.0.4.tgz 10198ms (cache miss)
1010 http fetch GET 200 https://registry.npmjs.org/@parcel/watcher-win32-x64/-/watcher-win32-x64-2.6.0.tgz 10318ms (cache miss)
1011 http fetch GET 200 https://registry.npmjs.org/pathe/-/pathe-2.0.3.tgz 10457ms (cache miss)
1012 http fetch GET 200 https://registry.npmjs.org/eventsource/-/eventsource-3.0.7.tgz 10408ms (cache miss)
1013 http fetch GET 200 https://registry.npmjs.org/@babel/generator/-/generator-8.0.0.tgz 10351ms (cache miss)
1014 http fetch GET 200 https://registry.npmjs.org/@vitest/snapshot/-/snapshot-4.1.11.tgz 10470ms (cache miss)
1015 http fetch GET 200 https://registry.npmjs.org/@babel/helper-validator-identifier/-/helper-validator-identifier-7.29.7.tgz 10402ms (cache miss)
1016 http fetch GET 200 https://registry.npmjs.org/expect-type/-/expect-type-1.4.0.tgz 10648ms (cache miss)
1017 http fetch GET 200 https://registry.npmjs.org/immutable/-/immutable-5.1.9.tgz 10723ms (cache miss)
1018 http fetch GET 200 https://registry.npmjs.org/source-map/-/source-map-0.7.6.tgz 10963ms (cache miss)
1019 http fetch GET 200 https://registry.npmjs.org/@vitest/runner/-/runner-4.1.11.tgz 10877ms (cache miss)
1020 http fetch GET 200 https://registry.npmjs.org/ajv-formats/-/ajv-formats-3.0.1.tgz 11144ms (cache miss)
1021 http fetch GET 200 https://registry.npmjs.org/agent-base/-/agent-base-7.1.4.tgz 11171ms (cache miss)
1022 http fetch GET 200 https://registry.npmjs.org/node-addon-api/-/node-addon-api-6.1.0.tgz 11468ms (cache miss)
1023 http fetch GET 200 https://registry.npmjs.org/@lmdb/lmdb-win32-x64/-/lmdb-win32-x64-3.5.6.tgz 11401ms (cache miss)
1024 http fetch GET 200 https://registry.npmjs.org/lightningcss/-/lightningcss-1.33.0.tgz 11535ms (cache miss)
1025 http fetch GET 200 https://registry.npmjs.org/@vitejs/plugin-basic-ssl/-/plugin-basic-ssl-2.3.0.tgz 11479ms (cache miss)
1026 http fetch GET 200 https://registry.npmjs.org/@ampproject/remapping/-/remapping-2.3.0.tgz 11419ms (cache miss)
1027 http fetch GET 200 https://registry.npmjs.org/dom-serializer/-/dom-serializer-2.0.0.tgz 11551ms (cache miss)
1028 http fetch GET 200 https://registry.npmjs.org/import-meta-resolve/-/import-meta-resolve-4.2.0.tgz 11757ms (cache miss)
1029 http fetch GET 200 https://registry.npmjs.org/domhandler/-/domhandler-5.0.3.tgz 11733ms (cache miss)
1030 http fetch GET 200 https://registry.npmjs.org/qs/-/qs-6.16.0.tgz 11949ms (cache miss)
1031 http fetch GET 200 https://registry.npmjs.org/magic-string/-/magic-string-0.30.21.tgz 11787ms (cache miss)
1032 http fetch GET 200 https://registry.npmjs.org/nanoid/-/nanoid-3.3.18.tgz 11941ms (cache miss)
1033 http fetch GET 200 https://registry.npmjs.org/bidi-js/-/bidi-js-1.0.3.tgz 11878ms (cache miss)
1034 http fetch GET 200 https://registry.npmjs.org/magic-string/-/magic-string-0.30.21.tgz 11836ms (cache miss)
1035 http fetch GET 200 https://registry.npmjs.org/eventsource-parser/-/eventsource-parser-3.1.1.tgz 11966ms (cache miss)
1036 http fetch GET 200 https://registry.npmjs.org/magic-string/-/magic-string-0.30.21.tgz 11857ms (cache miss)
1037 http fetch GET 200 https://registry.npmjs.org/json5/-/json5-2.2.3.tgz 12055ms (cache miss)
1038 http fetch GET 200 https://registry.npmjs.org/@babel/traverse/-/traverse-8.0.4.tgz 12179ms (cache miss)
1039 http fetch GET 200 https://registry.npmjs.org/node-addon-api/-/node-addon-api-7.1.1.tgz 12461ms (cache miss)
1040 http fetch GET 200 https://registry.npmjs.org/@oxc-parser/binding-win32-x64-msvc/-/binding-win32-x64-msvc-0.142.0.tgz 12753ms (cache miss)
1041 http fetch GET 200 https://registry.npmjs.org/jsonc-parser/-/jsonc-parser-3.3.1.tgz 12936ms (cache miss)
1042 http fetch GET 200 https://registry.npmjs.org/math-intrinsics/-/math-intrinsics-1.1.0.tgz 12968ms (cache miss)
1043 http fetch GET 200 https://registry.npmjs.org/@angular/platform-browser/-/platform-browser-22.1.5.tgz 12913ms (cache miss)
1044 http fetch GET 200 https://registry.npmjs.org/@bramus/specificity/-/specificity-2.4.2.tgz 13024ms (cache miss)
1045 http fetch GET 200 https://registry.npmjs.org/nth-check/-/nth-check-2.1.1.tgz 13352ms (cache miss)
1046 http fetch GET 200 https://registry.npmjs.org/mdn-data/-/mdn-data-2.27.1.tgz 13401ms (cache miss)
1047 http fetch GET 200 https://registry.npmjs.org/@asamuzakjp/dom-selector/-/dom-selector-6.8.1.tgz 13340ms (cache miss)
1048 http fetch GET 200 https://registry.npmjs.org/object-inspect/-/object-inspect-1.13.4.tgz 13618ms (cache miss)
1049 http fetch GET 200 https://registry.npmjs.org/@babel/parser/-/parser-8.0.4.tgz 13508ms (cache miss)
1050 http fetch GET 200 https://registry.npmjs.org/iconv-lite/-/iconv-lite-0.7.3.tgz 13660ms (cache miss)
1051 http fetch GET 200 https://registry.npmjs.org/source-map/-/source-map-0.6.1.tgz 13611ms (cache miss)
1052 http fetch GET 200 https://registry.npmjs.org/@vitest/mocker/-/mocker-4.1.11.tgz 13796ms (cache miss)
1053 http fetch GET 200 https://registry.npmjs.org/@jridgewell/sourcemap-codec/-/sourcemap-codec-1.6.0.tgz 13798ms (cache miss)
1054 http fetch GET 200 https://registry.npmjs.org/@angular/router/-/router-22.1.5.tgz 13765ms (cache miss)
1055 http fetch GET 200 https://registry.npmjs.org/@jridgewell/gen-mapping/-/gen-mapping-0.3.13.tgz 13821ms (cache miss)
1056 http fetch GET 200 https://registry.npmjs.org/@babel/types/-/types-8.0.4.tgz 13813ms (cache miss)
1057 http fetch GET 200 https://registry.npmjs.org/@hono/node-server/-/node-server-2.1.1.tgz 13824ms (cache miss)
1058 http fetch GET 200 https://registry.npmjs.org/@vitest/utils/-/utils-4.1.11.tgz 13927ms (cache miss)
1059 http fetch GET 200 https://registry.npmjs.org/ip-address/-/ip-address-10.7.0.tgz 14040ms (cache miss)
1060 http fetch GET 200 https://registry.npmjs.org/@angular/forms/-/forms-22.1.5.tgz 14070ms (cache miss)
1061 http fetch GET 200 https://registry.npmjs.org/parse5/-/parse5-8.0.1.tgz 14613ms (cache miss)
1062 http fetch GET 200 https://registry.npmjs.org/fast-uri/-/fast-uri-3.1.7.tgz 14686ms (cache miss)
1063 http fetch GET 200 https://registry.npmjs.org/@babel/core/-/core-8.0.1.tgz 14812ms (cache miss)
1064 http fetch GET 200 https://registry.npmjs.org/@acemir/cssom/-/cssom-0.9.31.tgz 14917ms (cache miss)
1065 http fetch GET 200 https://registry.npmjs.org/chardet/-/chardet-2.2.0.tgz 15035ms (cache miss)
1066 http fetch GET 200 https://registry.npmjs.org/semver/-/semver-7.8.5.tgz 15133ms (cache miss)
1067 http fetch GET 200 https://registry.npmjs.org/msgpackr/-/msgpackr-1.12.1.tgz 15229ms (cache miss)
1068 http fetch GET 200 https://registry.npmjs.org/@parcel/watcher/-/watcher-2.6.0.tgz 15201ms (cache miss)
1069 http fetch GET 200 https://registry.npmjs.org/css-what/-/css-what-7.0.0.tgz 15281ms (cache miss)
1070 http fetch GET 200 https://registry.npmjs.org/@inquirer/core/-/core-11.2.1.tgz 15410ms (cache miss)
1071 http fetch GET 200 https://registry.npmjs.org/oxc-parser/-/oxc-parser-0.142.0.tgz 15549ms (cache miss)
1072 http fetch GET 200 https://registry.npmjs.org/@jridgewell/trace-mapping/-/trace-mapping-0.3.31.tgz 15549ms (cache miss)
1073 http fetch GET 200 https://registry.npmjs.org/htmlparser2/-/htmlparser2-10.1.0.tgz 15640ms (cache miss)
1074 http fetch GET 200 https://registry.npmjs.org/@inquirer/core/-/core-12.0.2.tgz 15550ms (cache miss)
1075 http fetch GET 200 https://registry.npmjs.org/@inquirer/core/-/core-12.0.2.tgz 15551ms (cache miss)
1076 http fetch GET 200 https://registry.npmjs.org/@inquirer/core/-/core-12.0.2.tgz 15553ms (cache miss)
1077 http fetch GET 200 https://registry.npmjs.org/@inquirer/core/-/core-12.0.2.tgz 15558ms (cache miss)
1078 http fetch GET 200 https://registry.npmjs.org/@inquirer/core/-/core-12.0.2.tgz 15563ms (cache miss)
1079 http fetch GET 200 https://registry.npmjs.org/@inquirer/core/-/core-12.0.2.tgz 15568ms (cache miss)
1080 http fetch GET 200 https://registry.npmjs.org/@inquirer/core/-/core-12.0.2.tgz 15580ms (cache miss)
1081 http fetch GET 200 https://registry.npmjs.org/@inquirer/core/-/core-12.0.2.tgz 15586ms (cache miss)
1082 http fetch GET 200 https://registry.npmjs.org/@inquirer/core/-/core-12.0.2.tgz 15598ms (cache miss)
1083 http fetch GET 200 https://registry.npmjs.org/postcss/-/postcss-8.5.28.tgz 15838ms (cache miss)
1084 http fetch GET 200 https://registry.npmjs.org/vite/-/vite-8.1.5.tgz 16027ms (cache miss)
1085 http fetch GET 200 https://registry.npmjs.org/yargs/-/yargs-18.1.0.tgz 16045ms (cache miss)
1086 http fetch GET 200 https://registry.npmjs.org/rolldown/-/rolldown-1.2.0.tgz 16042ms (cache miss)
1087 http fetch GET 200 https://registry.npmjs.org/@angular/compiler/-/compiler-22.1.5.tgz 16049ms (cache miss)
1088 http fetch GET 200 https://registry.npmjs.org/tldts/-/tldts-7.4.11.tgz 16475ms (cache miss)
1089 http fetch GET 200 https://registry.npmjs.org/@exodus/bytes/-/bytes-1.15.1.tgz 16412ms (cache miss)
1090 http fetch GET 200 https://registry.npmjs.org/rolldown/-/rolldown-1.1.5.tgz 16674ms (cache miss)
1091 http fetch GET 200 https://registry.npmjs.org/entities/-/entities-8.0.0.tgz 16980ms (cache miss)
1092 http fetch GET 200 https://registry.npmjs.org/entities/-/entities-8.0.0.tgz 16985ms (cache miss)
1093 http fetch GET 200 https://registry.npmjs.org/domutils/-/domutils-3.2.2.tgz 17507ms (cache miss)
1094 http fetch GET 200 https://registry.npmjs.org/entities/-/entities-4.5.0.tgz 18056ms (cache miss)
1095 http fetch GET 200 https://registry.npmjs.org/@asamuzakjp/css-color/-/css-color-5.1.11.tgz 18038ms (cache miss)
1096 http fetch GET 200 https://registry.npmjs.org/sass/-/sass-1.101.0.tgz 18603ms (cache miss)
1097 http fetch GET 200 https://registry.npmjs.org/tldts-core/-/tldts-core-7.4.11.tgz 19548ms (cache miss)
1098 http fetch GET 200 https://registry.npmjs.org/lightningcss-win32-x64-msvc/-/lightningcss-win32-x64-msvc-1.33.0.tgz 19567ms (cache miss)
1099 http fetch GET 200 https://registry.npmjs.org/cssstyle/-/cssstyle-6.2.0.tgz 19933ms (cache miss)
1100 http fetch GET 200 https://registry.npmjs.org/@angular-devkit/architect/-/architect-0.2201.7.tgz 20278ms (cache miss)
1101 http fetch GET 200 https://registry.npmjs.org/vitest/-/vitest-4.1.11.tgz 21039ms (cache miss)
1102 http fetch GET 200 https://registry.npmjs.org/@esbuild/win32-x64/-/win32-x64-0.28.2.tgz 20979ms (cache miss)
1103 http fetch GET 200 https://registry.npmjs.org/jose/-/jose-6.2.10.tgz 21314ms (cache miss)
1104 http fetch GET 200 https://registry.npmjs.org/entities/-/entities-7.0.1.tgz 21606ms (cache miss)
1105 http fetch GET 200 https://registry.npmjs.org/piscina/-/piscina-5.2.0.tgz 21930ms (cache miss)
1106 http fetch GET 200 https://registry.npmjs.org/lru-cache/-/lru-cache-11.5.2.tgz 21927ms (cache miss)
1107 http fetch GET 200 https://registry.npmjs.org/prettier/-/prettier-3.9.6.tgz 21969ms (cache miss)
1108 http fetch GET 200 https://registry.npmjs.org/css-select/-/css-select-6.0.0.tgz 22357ms (cache miss)
1109 http fetch GET 200 https://registry.npmjs.org/zod-to-json-schema/-/zod-to-json-schema-3.25.2.tgz 22581ms (cache miss)
1110 http fetch GET 200 https://registry.npmjs.org/@angular/core/-/core-22.1.5.tgz 23570ms (cache miss)
1111 http fetch GET 200 https://registry.npmjs.org/lmdb/-/lmdb-3.5.6.tgz 24052ms (cache miss)
1112 http fetch GET 200 https://registry.npmjs.org/@angular-devkit/schematics/-/schematics-22.1.7.tgz 24025ms (cache miss)
1113 http fetch GET 200 https://registry.npmjs.org/@rolldown/binding-win32-x64-msvc/-/binding-win32-x64-msvc-1.2.0.tgz 24347ms (cache miss)
1114 http fetch GET 200 https://registry.npmjs.org/@rolldown/binding-win32-x64-msvc/-/binding-win32-x64-msvc-1.1.5.tgz 24337ms (cache miss)
1115 http fetch GET 200 https://registry.npmjs.org/@angular-devkit/core/-/core-22.1.7.tgz 24444ms (cache miss)
1116 http fetch GET 200 https://registry.npmjs.org/@babel/types/-/types-7.29.8.tgz 24749ms (cache miss)
1117 http fetch GET 200 https://registry.npmjs.org/undici/-/undici-7.29.0.tgz 25207ms (cache miss)
1118 http fetch GET 200 https://registry.npmjs.org/typescript/-/typescript-6.0.3.tgz 25800ms (cache miss)
1119 http fetch GET 200 https://registry.npmjs.org/css-tree/-/css-tree-3.2.1.tgz 25724ms (cache miss)
1120 http fetch GET 200 https://registry.npmjs.org/@schematics/angular/-/angular-22.1.7.tgz 26207ms (cache miss)
1121 http fetch GET 200 https://registry.npmjs.org/@angular/cli/-/cli-22.1.7.tgz 26322ms (cache miss)
1122 http fetch GET 200 https://registry.npmjs.org/ajv/-/ajv-8.20.0.tgz 26751ms (cache miss)
1123 http fetch GET 200 https://registry.npmjs.org/@angular/compiler-cli/-/compiler-cli-22.1.5.tgz 26762ms (cache miss)
1124 http fetch GET 200 https://registry.npmjs.org/hono/-/hono-4.13.5.tgz 27358ms (cache miss)
1125 http fetch GET 200 https://registry.npmjs.org/jsdom/-/jsdom-28.1.0.tgz 27433ms (cache miss)
1126 http fetch GET 200 https://registry.npmjs.org/@angular/build/-/build-22.1.7.tgz 27510ms (cache miss)
1127 http fetch GET 200 https://registry.npmjs.org/caniuse-lite/-/caniuse-lite-1.0.30001810.tgz 27612ms (cache miss)
1128 http fetch GET 200 https://registry.npmjs.org/zod/-/zod-4.4.3.tgz 27767ms (cache miss)
1129 http fetch GET 200 https://registry.npmjs.org/@modelcontextprotocol/sdk/-/sdk-1.30.0.tgz 27856ms (cache miss)
1130 http fetch GET 200 https://registry.npmjs.org/rxjs/-/rxjs-7.8.2.tgz 32248ms (cache miss)
1131 http fetch GET 200 https://registry.npmjs.org/@angular/common/-/common-22.1.5.tgz 37162ms (cache miss)
1132 info run @parcel/watcher@2.6.0 install node_modules/@parcel/watcher node scripts/build-from-source.js
1133 info run lmdb@3.5.6 install node_modules/lmdb node-gyp-build-optional-packages
1134 info run msgpackr-extract@3.0.4 install node_modules/msgpackr-extract node-gyp-build-optional-packages
1135 info run @parcel/watcher@2.6.0 install { code: 0, signal: null }
1136 info run lmdb@3.5.6 install { code: 0, signal: null }
1137 info run msgpackr-extract@3.0.4 install { code: 0, signal: null }
1138 info run esbuild@0.28.2 postinstall node_modules/esbuild node install.js
1139 info run esbuild@0.28.2 postinstall { code: 0, signal: null }
1140 silly ADD node_modules/zod-to-json-schema
1141 silly ADD node_modules/zod
1142 silly ADD node_modules/yoctocolors
1143 silly ADD node_modules/yargs-parser
1144 silly ADD node_modules/yargs
1145 silly ADD node_modules/y18n
1146 silly ADD node_modules/xmlchars
1147 silly ADD node_modules/xml-name-validator
1148 silly ADD node_modules/wrappy
1149 silly ADD node_modules/wrap-ansi
1150 silly ADD node_modules/why-is-node-running
1151 silly ADD node_modules/which
1152 silly ADD node_modules/whatwg-url
1153 silly ADD node_modules/whatwg-mimetype
1154 silly ADD node_modules/webidl-conversions
1155 silly ADD node_modules/weak-lru-cache
1156 silly ADD node_modules/watchpack
1157 silly ADD node_modules/w3c-xmlserializer
1158 silly ADD node_modules/vitest
1159 silly ADD node_modules/vitest/node_modules/magic-string
1160 silly ADD node_modules/vite
1161 silly ADD node_modules/vite/node_modules/rolldown
1162 silly ADD node_modules/vite/node_modules/@rolldown/binding-win32-x64-msvc
1163 silly ADD node_modules/vite/node_modules/@oxc-project/types
1164 silly ADD node_modules/vary
1165 silly ADD node_modules/validate-npm-package-name
1166 silly ADD node_modules/update-browserslist-db
1167 silly ADD node_modules/unpipe
1168 silly ADD node_modules/undici
1169 silly ADD node_modules/typescript
1170 silly ADD node_modules/type-is
1171 silly ADD node_modules/type-is/node_modules/content-type
1172 silly ADD node_modules/tslib
1173 silly ADD node_modules/tr46
1174 silly ADD node_modules/tough-cookie
1175 silly ADD node_modules/toidentifier
1176 silly ADD node_modules/tldts-core
1177 silly ADD node_modules/tldts
1178 silly ADD node_modules/tinyrainbow
1179 silly ADD node_modules/tinyglobby
1180 silly ADD node_modules/tinyexec
1181 silly ADD node_modules/tinybench
1182 silly ADD node_modules/symbol-tree
1183 silly ADD node_modules/strip-ansi
1184 silly ADD node_modules/string-width
1185 silly ADD node_modules/stdin-discarder
1186 silly ADD node_modules/std-env
1187 silly ADD node_modules/statuses
1188 silly ADD node_modules/stackback
1189 silly ADD node_modules/source-map-support
1190 silly ADD node_modules/source-map-support/node_modules/source-map
1191 silly ADD node_modules/source-map-js
1192 silly ADD node_modules/source-map
1193 silly ADD node_modules/slice-ansi
1194 silly ADD node_modules/signal-exit
1195 silly ADD node_modules/siginfo
1196 silly ADD node_modules/side-channel-weakmap
1197 silly ADD node_modules/side-channel-map
1198 silly ADD node_modules/side-channel-list
1199 silly ADD node_modules/side-channel
1200 silly ADD node_modules/shebang-regex
1201 silly ADD node_modules/shebang-command
1202 silly ADD node_modules/setprototypeof
1203 silly ADD node_modules/serve-static
1204 silly ADD node_modules/send
1205 silly ADD node_modules/semver
1206 silly ADD node_modules/saxes
1207 silly ADD node_modules/sass
1208 silly ADD node_modules/safer-buffer
1209 silly ADD node_modules/rxjs
1210 silly ADD node_modules/router
1211 silly ADD node_modules/rolldown
1212 silly ADD node_modules/rolldown/node_modules/@oxc-project/types
1213 silly ADD node_modules/restore-cursor
1214 silly ADD node_modules/require-from-string
1215 silly ADD node_modules/reflect-metadata
1216 silly ADD node_modules/readdirp
1217 silly ADD node_modules/raw-body
1218 silly ADD node_modules/range-parser
1219 silly ADD node_modules/qs
1220 silly ADD node_modules/punycode
1221 silly ADD node_modules/proxy-agent-negotiate
1222 silly ADD node_modules/proxy-addr
1223 silly ADD node_modules/proc-log
1224 silly ADD node_modules/prettier
1225 silly ADD node_modules/postcss-safe-parser
1226 silly ADD node_modules/postcss-media-query-parser
1227 silly ADD node_modules/postcss
1228 silly ADD node_modules/pkce-challenge
1229 silly ADD node_modules/piscina
1230 silly ADD node_modules/picomatch
1231 silly ADD node_modules/picocolors
1232 silly ADD node_modules/pathe
1233 silly ADD node_modules/path-to-regexp
1234 silly ADD node_modules/path-key
1235 silly ADD node_modules/parseurl
1236 silly ADD node_modules/parse5-sax-parser
1237 silly ADD node_modules/parse5-html-rewriting-stream
1238 silly ADD node_modules/parse5-html-rewriting-stream/node_modules/entities
1239 silly ADD node_modules/parse5
1240 silly ADD node_modules/parse5/node_modules/entities
1241 silly ADD node_modules/oxc-parser
1242 silly ADD node_modules/ordered-binary
1243 silly ADD node_modules/ora
1244 silly ADD node_modules/onetime
1245 silly ADD node_modules/once
1246 silly ADD node_modules/on-finished
1247 silly ADD node_modules/obug
1248 silly ADD node_modules/object-inspect
1249 silly ADD node_modules/object-assign
1250 silly ADD node_modules/nth-check
1251 silly ADD node_modules/npm-package-arg
1252 silly ADD node_modules/node-releases
1253 silly ADD node_modules/node-gyp-build-optional-packages
1254 silly ADD node_modules/node-addon-api
1255 silly ADD node_modules/negotiator
1256 silly ADD node_modules/negotiator/node_modules/content-type
1257 silly ADD node_modules/nanoid
1258 silly ADD node_modules/mute-stream
1259 silly ADD node_modules/msgpackr-extract
1260 silly ADD node_modules/msgpackr
1261 silly ADD node_modules/ms
1262 silly ADD node_modules/mrmime
1263 silly ADD node_modules/mimic-function
1264 silly ADD node_modules/mime-types
1265 silly ADD node_modules/mime-db
1266 silly ADD node_modules/merge-descriptors
1267 silly ADD node_modules/media-typer
1268 silly ADD node_modules/mdn-data
1269 silly ADD node_modules/math-intrinsics
1270 silly ADD node_modules/magic-string
1271 silly ADD node_modules/lru-cache
1272 silly ADD node_modules/log-update
1273 silly ADD node_modules/log-symbols
1274 silly ADD node_modules/lmdb
1275 silly ADD node_modules/listr2
1276 silly ADD node_modules/lightningcss-win32-x64-msvc
1277 silly ADD node_modules/lightningcss
1278 silly ADD node_modules/jsonc-parser
1279 silly ADD node_modules/json5
1280 silly ADD node_modules/json-schema-typed
1281 silly ADD node_modules/json-schema-traverse
1282 silly ADD node_modules/jsesc
1283 silly ADD node_modules/jsdom
1284 silly ADD node_modules/jsdom/node_modules/https-proxy-agent
1285 silly ADD node_modules/jsdom/node_modules/agent-base
1286 silly ADD node_modules/js-tokens
1287 silly ADD node_modules/jose
1288 silly ADD node_modules/isexe
1289 silly ADD node_modules/is-unicode-supported
1290 silly ADD node_modules/is-promise
1291 silly ADD node_modules/is-potential-custom-element-name
1292 silly ADD node_modules/is-interactive
1293 silly ADD node_modules/is-glob
1294 silly ADD node_modules/is-fullwidth-code-point
1295 silly ADD node_modules/is-extglob
1296 silly ADD node_modules/ipaddr.js
1297 silly ADD node_modules/ip-address
1298 silly ADD node_modules/inherits
1299 silly ADD node_modules/import-meta-resolve
1300 silly ADD node_modules/immutable
1301 silly ADD node_modules/iconv-lite
1302 silly ADD node_modules/https-proxy-agent
1303 silly ADD node_modules/http-proxy-agent
1304 silly ADD node_modules/http-proxy-agent/node_modules/agent-base
1305 silly ADD node_modules/http-errors
1306 silly ADD node_modules/htmlparser2
1307 silly ADD node_modules/htmlparser2/node_modules/entities
1308 silly ADD node_modules/html-encoding-sniffer
1309 silly ADD node_modules/hosted-git-info
1310 silly ADD node_modules/hono
1311 silly ADD node_modules/hasown
1312 silly ADD node_modules/has-symbols
1313 silly ADD node_modules/graceful-fs
1314 silly ADD node_modules/gopd
1315 silly ADD node_modules/get-proto
1316 silly ADD node_modules/get-intrinsic
1317 silly ADD node_modules/get-east-asian-width
1318 silly ADD node_modules/get-caller-file
1319 silly ADD node_modules/gensync
1320 silly ADD node_modules/function-bind
1321 silly ADD node_modules/fresh
1322 silly ADD node_modules/forwarded
1323 silly ADD node_modules/finalhandler
1324 silly ADD node_modules/fdir
1325 silly ADD node_modules/fast-wrap-ansi
1326 silly ADD node_modules/fast-uri
1327 silly ADD node_modules/fast-string-width
1328 silly ADD node_modules/fast-string-truncated-width
1329 silly ADD node_modules/fast-deep-equal
1330 silly ADD node_modules/express-rate-limit
1331 silly ADD node_modules/express
1332 silly ADD node_modules/expect-type
1333 silly ADD node_modules/eventsource-parser
1334 silly ADD node_modules/eventsource
1335 silly ADD node_modules/etag
1336 silly ADD node_modules/estree-walker
1337 silly ADD node_modules/escape-html
1338 silly ADD node_modules/escalade
1339 silly ADD node_modules/esbuild
1340 silly ADD node_modules/es-object-atoms
1341 silly ADD node_modules/es-module-lexer
1342 silly ADD node_modules/es-errors
1343 silly ADD node_modules/es-define-property
1344 silly ADD node_modules/environment
1345 silly ADD node_modules/entities
1346 silly ADD node_modules/encodeurl
1347 silly ADD node_modules/empathic
1348 silly ADD node_modules/emoji-regex
1349 silly ADD node_modules/electron-to-chromium
1350 silly ADD node_modules/ee-first
1351 silly ADD node_modules/dunder-proto
1352 silly ADD node_modules/domutils
1353 silly ADD node_modules/domhandler
1354 silly ADD node_modules/domelementtype
1355 silly ADD node_modules/dom-serializer
1356 silly ADD node_modules/detect-libc
1357 silly ADD node_modules/depd
1358 silly ADD node_modules/decimal.js
1359 silly ADD node_modules/debug
1360 silly ADD node_modules/data-urls
1361 silly ADD node_modules/cssstyle
1362 silly ADD node_modules/css-what
1363 silly ADD node_modules/css-tree
1364 silly ADD node_modules/css-select
1365 silly ADD node_modules/cross-spawn
1366 silly ADD node_modules/cors
1367 silly ADD node_modules/cookie-signature
1368 silly ADD node_modules/cookie
1369 silly ADD node_modules/convert-source-map
1370 silly ADD node_modules/content-type
1371 silly ADD node_modules/content-disposition
1372 silly ADD node_modules/cliui
1373 silly ADD node_modules/cliui/node_modules/wrap-ansi
1374 silly ADD node_modules/cliui/node_modules/string-width
1375 silly ADD node_modules/cli-width
1376 silly ADD node_modules/cli-truncate
1377 silly ADD node_modules/cli-spinners
1378 silly ADD node_modules/cli-cursor
1379 silly ADD node_modules/chokidar
1380 silly ADD node_modules/chardet
1381 silly ADD node_modules/chalk
1382 silly ADD node_modules/chai
1383 silly ADD node_modules/caniuse-lite
1384 silly ADD node_modules/call-bound
1385 silly ADD node_modules/call-bind-apply-helpers
1386 silly ADD node_modules/bytes
1387 silly ADD node_modules/buffer-from
1388 silly ADD node_modules/browserslist
1389 silly ADD node_modules/boolbase
1390 silly ADD node_modules/body-parser
1391 silly ADD node_modules/body-parser/node_modules/content-type
1392 silly ADD node_modules/bidi-js
1393 silly ADD node_modules/beasties
1394 silly ADD node_modules/baseline-browser-mapping
1395 silly ADD node_modules/assertion-error
1396 silly ADD node_modules/ansi-styles
1397 silly ADD node_modules/ansi-regex
1398 silly ADD node_modules/ansi-escapes
1399 silly ADD node_modules/ajv-formats
1400 silly ADD node_modules/ajv
1401 silly ADD node_modules/agent-base
1402 silly ADD node_modules/accepts
1403 silly ADD node_modules/@vitest/utils
1404 silly ADD node_modules/@vitest/utils/node_modules/convert-source-map
1405 silly ADD node_modules/@vitest/spy
1406 silly ADD node_modules/@vitest/snapshot
1407 silly ADD node_modules/@vitest/snapshot/node_modules/magic-string
1408 silly ADD node_modules/@vitest/runner
1409 silly ADD node_modules/@vitest/pretty-format
1410 silly ADD node_modules/@vitest/mocker
1411 silly ADD node_modules/@vitest/mocker/node_modules/magic-string
1412 silly ADD node_modules/@vitest/expect
1413 silly ADD node_modules/@vitejs/plugin-basic-ssl
1414 silly ADD node_modules/@types/jsesc
1415 silly ADD node_modules/@types/gensync
1416 silly ADD node_modules/@types/estree
1417 silly ADD node_modules/@types/deep-eql
1418 silly ADD node_modules/@types/chai
1419 silly ADD node_modules/@standard-schema/spec
1420 silly ADD node_modules/@schematics/angular
1421 silly ADD node_modules/@rolldown/pluginutils
1422 silly ADD node_modules/@rolldown/binding-win32-x64-msvc
1423 silly ADD node_modules/@parcel/watcher-win32-x64
1424 silly ADD node_modules/@parcel/watcher
1425 silly ADD node_modules/@parcel/watcher/node_modules/node-addon-api
1426 silly ADD node_modules/@oxc-project/types
1427 silly ADD node_modules/@oxc-parser/binding-win32-x64-msvc
1428 silly ADD node_modules/@napi-rs/nice-win32-x64-msvc
1429 silly ADD node_modules/@napi-rs/nice
1430 silly ADD node_modules/@msgpackr-extract/msgpackr-extract-win32-x64
1431 silly ADD node_modules/@modelcontextprotocol/sdk
1432 silly ADD node_modules/@lmdb/lmdb-win32-x64
1433 silly ADD node_modules/@listr2/prompt-adapter-inquirer
1434 silly ADD node_modules/@jridgewell/trace-mapping
1435 silly ADD node_modules/@jridgewell/sourcemap-codec
1436 silly ADD node_modules/@jridgewell/resolve-uri
1437 silly ADD node_modules/@jridgewell/gen-mapping
1438 silly ADD node_modules/@inquirer/type
1439 silly ADD node_modules/@inquirer/select
1440 silly ADD node_modules/@inquirer/select/node_modules/@inquirer/core
1441 silly ADD node_modules/@inquirer/search
1442 silly ADD node_modules/@inquirer/search/node_modules/@inquirer/core
1443 silly ADD node_modules/@inquirer/rawlist
1444 silly ADD node_modules/@inquirer/rawlist/node_modules/@inquirer/core
1445 silly ADD node_modules/@inquirer/prompts
1446 silly ADD node_modules/@inquirer/password
1447 silly ADD node_modules/@inquirer/password/node_modules/@inquirer/core
1448 silly ADD node_modules/@inquirer/number
1449 silly ADD node_modules/@inquirer/number/node_modules/@inquirer/core
1450 silly ADD node_modules/@inquirer/input
1451 silly ADD node_modules/@inquirer/input/node_modules/@inquirer/core
1452 silly ADD node_modules/@inquirer/figures
1453 silly ADD node_modules/@inquirer/external-editor
1454 silly ADD node_modules/@inquirer/expand
1455 silly ADD node_modules/@inquirer/expand/node_modules/@inquirer/core
1456 silly ADD node_modules/@inquirer/editor
1457 silly ADD node_modules/@inquirer/editor/node_modules/@inquirer/core
1458 silly ADD node_modules/@inquirer/core
1459 silly ADD node_modules/@inquirer/confirm
1460 silly ADD node_modules/@inquirer/checkbox
1461 silly ADD node_modules/@inquirer/checkbox/node_modules/@inquirer/core
1462 silly ADD node_modules/@inquirer/ansi
1463 silly ADD node_modules/@hono/node-server
1464 silly ADD node_modules/@harperfast/extended-iterable
1465 silly ADD node_modules/@exodus/bytes
1466 silly ADD node_modules/@esbuild/win32-x64
1467 silly ADD node_modules/@csstools/css-tokenizer
1468 silly ADD node_modules/@csstools/css-syntax-patches-for-csstree
1469 silly ADD node_modules/@csstools/css-parser-algorithms
1470 silly ADD node_modules/@csstools/css-color-parser
1471 silly ADD node_modules/@csstools/css-calc
1472 silly ADD node_modules/@csstools/color-helpers
1473 silly ADD node_modules/@bramus/specificity
1474 silly ADD node_modules/@babel/types
1475 silly ADD node_modules/@babel/traverse
1476 silly ADD node_modules/@babel/template
1477 silly ADD node_modules/@babel/parser
1478 silly ADD node_modules/@babel/helpers
1479 silly ADD node_modules/@babel/helper-validator-option
1480 silly ADD node_modules/@babel/helper-validator-identifier
1481 silly ADD node_modules/@babel/helper-string-parser
1482 silly ADD node_modules/@babel/helper-split-export-declaration
1483 silly ADD node_modules/@babel/helper-split-export-declaration/node_modules/@babel/types
1484 silly ADD node_modules/@babel/helper-split-export-declaration/node_modules/@babel/helper-validator-identifier
1485 silly ADD node_modules/@babel/helper-split-export-declaration/node_modules/@babel/helper-string-parser
1486 silly ADD node_modules/@babel/helper-globals
1487 silly ADD node_modules/@babel/helper-compilation-targets
1488 silly ADD node_modules/@babel/helper-annotate-as-pure
1489 silly ADD node_modules/@babel/generator
1490 silly ADD node_modules/@babel/core
1491 silly ADD node_modules/@babel/core/node_modules/convert-source-map
1492 silly ADD node_modules/@babel/compat-data
1493 silly ADD node_modules/@babel/code-frame
1494 silly ADD node_modules/@asamuzakjp/nwsapi
1495 silly ADD node_modules/@asamuzakjp/generational-cache
1496 silly ADD node_modules/@asamuzakjp/dom-selector
1497 silly ADD node_modules/@asamuzakjp/css-color
1498 silly ADD node_modules/@angular/router
1499 silly ADD node_modules/@angular/platform-browser
1500 silly ADD node_modules/@angular/forms
1501 silly ADD node_modules/@angular/core
1502 silly ADD node_modules/@angular/compiler-cli
1503 silly ADD node_modules/@angular/compiler
1504 silly ADD node_modules/@angular/common
1505 silly ADD node_modules/@angular/cli
1506 silly ADD node_modules/@angular/build
1507 silly ADD node_modules/@angular-devkit/schematics
1508 silly ADD node_modules/@angular-devkit/core
1509 silly ADD node_modules/@angular-devkit/architect
1510 silly ADD node_modules/@ampproject/remapping
1511 silly ADD node_modules/@acemir/cssom
1512 warn install-scripts 4 packages have install scripts not yet covered by allowScripts:
1512 warn install-scripts   @parcel/watcher@2.6.0 (install: node scripts/build-from-source.js)
1512 warn install-scripts   esbuild@0.28.2 (postinstall: node install.js)
1512 warn install-scripts   lmdb@3.5.6 (install: node-gyp-build-optional-packages)
1512 warn install-scripts   msgpackr-extract@3.0.4 (install: node-gyp-build-optional-packages)
1512 warn install-scripts
1512 warn install-scripts Run `npm install-scripts ls` to review, or `npm install-scripts approve <pkg>` to allow.
1513 verbose cwd D:\web2\Learn agudar\learn Agudar\BTVN-main
1514 verbose os Windows_NT 10.0.26200
1515 verbose node v24.20.0
1516 verbose npm  v11.19.0
1517 verbose exit 0
1518 info ok
